ticker,date,total_volume,call_volume,put_volume,open_interest,vol_oi_ratio,put_call_ratio,top_call_strike,top_call_strike_volume,top_call_expiry,top_put_strike,top_put_strike_volume,top_put_expiry
VSAT,2026-07-07,638,324,314,20867,0.03,0.97,75.0,67.0,2026-07-17,85.0,49.0,2026-07-17
CYTK,2026-07-07,800,542,258,41531,0.02,0.48,90.0,176.0,2026-07-17,70.0,104.0,2026-07-17
FROG,2026-07-07,2798,2513,285,57537,0.05,0.11,100.0,816.0,2026-07-17,90.0,163.0,2026-07-17
HUT,2026-07-07,7956,5840,2116,80108,0.1,0.36,190.0,1250.0,2026-07-17,82.0,359.0,2026-07-10
BTSG,2026-07-07,540,224,316,2656,0.2,1.41,70.0,160.0,2026-07-17,50.0,180.0,2026-08-21
KRYS,2026-07-07,356,181,175,3110,0.11,0.97,310.0,30.0,2026-08-21,250.0,95.0,2026-08-21
AGX,2026-07-07,1312,540,772,7163,0.18,1.43,700.0,92.0,2026-08-21,660.0,91.0,2026-07-17
CTRE,2026-07-07,274,235,39,1439,0.19,0.17,30.0,200.0,2026-07-17,37.5,21.0,2026-08-21
ALKS,2026-07-07,1803,1117,686,16071,0.11,0.61,40.0,500.0,2026-07-17,35.0,250.0,2026-07-17
COMP,2026-07-07,1959,1772,187,64797,0.03,0.11,8.0,502.0,2026-08-21,11.0,47.0,2026-08-21
SNEX,2026-07-07,222,155,67,2279,0.1,0.43,155.0,29.0,2026-08-21,150.0,10.0,2026-07-17
PRAX,2026-07-07,401,248,153,2224,0.18,0.62,410.0,93.0,2026-08-21,200.0,35.0,2026-07-17
QBTS,2026-07-07,31659,18365,13294,153289,0.21,0.72,25.0,4746.0,2026-07-17,15.0,4069.0,2026-07-17
PTGX,2026-07-07,206,151,55,1999,0.1,0.36,120.0,35.0,2026-08-21,90.0,15.0,2026-07-17
MXL,2026-07-07,2891,1496,1395,31773,0.09,0.93,105.0,196.0,2026-07-17,90.0,414.0,2026-07-17
RHP,2026-07-07,408,350,58,413,0.99,0.17,125.0,251.0,2026-07-17,80.0,20.0,2026-07-17
HIMS,2026-07-07,37351,24124,13227,231566,0.16,0.55,40.0,2702.0,2026-07-10,17.0,2202.0,2026-07-17
TEX,2026-07-07,601,98,503,10606,0.06,5.13,70.0,18.0,2026-07-17,65.0,400.0,2026-08-21
RIOT,2026-07-07,31634,21759,9875,302009,0.1,0.45,25.0,4713.0,2026-07-17,20.0,2325.0,2026-07-17
TGTX,2026-07-07,7363,6773,590,27791,0.26,0.09,60.0,2435.0,2026-07-17,33.0,124.0,2026-07-17
OSCR,2026-07-07,3325,2362,963,56615,0.06,0.41,35.0,354.0,2026-07-17,27.0,67.0,2026-07-10
JBTM,2026-07-07,446,33,413,1112,0.4,12.52,150.0,15.0,2026-07-17,130.0,400.0,2026-07-17
EAT,2026-07-07,592,247,345,3415,0.17,1.4,165.0,44.0,2026-07-17,160.0,193.0,2026-07-17
IDCC,2026-07-07,363,104,259,974,0.37,2.49,330.0,20.0,2026-07-17,220.0,101.0,2026-07-17
SLAB,2026-07-07,1726,466,1260,9448,0.18,2.7,220.0,200.0,2026-07-17,185.0,390.0,2026-08-21
NPO,2026-07-07,1634,25,1609,836,1.95,64.36,350.0,5.0,2026-07-17,330.0,700.0,2026-07-17
VLY,2026-07-07,300,291,9,1153,0.26,0.03,16.0,104.0,2026-08-21,11.0,5.0,2026-07-17
FLR,2026-07-07,21572,21158,414,45362,0.48,0.02,55.0,10399.0,2026-08-21,30.0,60.0,2026-07-17
ORA,2026-07-07,259,140,119,10138,0.03,0.85,140.0,51.0,2026-07-17,115.0,51.0,2026-07-17
KYMR,2026-07-07,386,164,222,1600,0.24,1.35,65.0,26.0,2026-07-17,75.0,100.0,2026-07-17
MRCY,2026-07-07,760,103,657,2226,0.34,6.38,62.5,10.0,2026-07-17,80.0,350.0,2026-07-17
PTCT,2026-07-07,232,225,7,284,0.82,0.03,90.0,177.0,2026-07-17,80.0,2.0,2026-07-17
CMC,2026-07-07,221,108,113,2964,0.07,1.05,75.0,34.0,2026-07-17,70.0,52.0,2026-08-21
KGS,2026-07-07,5173,201,4972,6080,0.85,24.74,60.0,100.0,2026-07-17,40.0,4301.0,2026-07-17
SSRM,2026-07-07,853,693,160,8600,0.1,0.23,28.0,285.0,2026-08-21,34.0,35.0,2026-07-17
CIFR,2026-07-07,40200,34869,5331,206116,0.2,0.15,21.0,3032.0,2026-07-10,19.0,1119.0,2026-07-17
MYRG,2026-07-07,204,141,63,681,0.3,0.45,500.0,20.0,2026-07-17,165.0,6.0,2026-07-17
CORZ,2026-07-07,73601,18554,55047,355039,0.21,2.97,23.0,4206.0,2026-07-17,21.0,26224.0,2026-07-17
CVLT,2026-07-07,816,582,234,3766,0.22,0.4,140.0,300.0,2026-07-17,155.0,107.0,2026-07-17
SM,2026-07-07,4313,2892,1421,41492,0.1,0.49,17.5,2018.0,2026-07-17,35.0,1200.0,2026-07-17
NUVL,2026-07-07,1184,842,342,33050,0.04,0.41,120.0,211.0,2026-10-16,85.0,167.0,2026-07-17
SYRE,2026-07-07,610,290,320,6690,0.09,1.1,115.0,150.0,2026-07-17,75.0,250.0,2026-08-21
KLIC,2026-07-07,788,474,314,4234,0.19,0.66,110.0,206.0,2026-07-17,90.0,125.0,2026-07-17
JXN,2026-07-07,1126,73,1053,3804,0.3,14.42,115.0,38.0,2026-07-17,90.0,1001.0,2026-08-21
LUMN,2026-07-07,3404,2600,804,96242,0.04,0.31,7.0,572.0,2026-07-17,7.0,201.0,2026-07-17
MATX,2026-07-07,266,244,22,1219,0.22,0.09,200.0,191.0,2026-07-17,200.0,10.0,2026-07-17
TWST,2026-07-07,706,216,490,3468,0.2,2.27,110.0,21.0,2026-07-17,57.5,329.0,2026-07-17
SRRK,2026-07-07,764,93,671,3745,0.2,7.22,60.0,45.0,2026-07-17,40.0,248.0,2026-08-21
AUB,2026-07-07,205,128,77,615,0.33,0.6,45.0,100.0,2026-07-17,25.0,71.0,2026-07-17
RGTI,2026-07-07,41062,20372,20690,278640,0.15,1.02,20.0,2665.0,2026-07-17,12.0,6506.0,2026-07-10
APGE,2026-07-07,227,83,144,14225,0.02,1.73,70.0,26.0,2026-07-17,65.0,58.0,2026-07-17
XENE,2026-07-07,447,356,91,11211,0.04,0.26,50.0,180.0,2026-08-21,35.0,70.0,2026-07-17
LTH,2026-07-07,228,177,51,5257,0.04,0.29,45.0,71.0,2026-07-17,22.5,17.0,2026-07-17
TXNM,2026-07-07,382,168,214,476,0.8,1.27,70.0,112.0,2026-08-21,50.0,200.0,2026-07-17
MIRM,2026-07-07,235,205,30,541,0.43,0.15,130.0,111.0,2026-07-17,55.0,6.0,2026-07-17
NOVT,2026-07-07,471,439,32,1155,0.41,0.07,200.0,150.0,2026-08-21,130.0,5.0,2026-08-21
JOBY,2026-07-07,13360,8570,4790,128077,0.1,0.56,8.5,1689.0,2026-07-10,8.0,1271.0,2026-07-10
DFTX,2026-07-07,1981,1073,908,36930,0.05,0.85,19.0,356.0,2026-07-17,40.0,236.0,2026-07-17
VSH,2026-07-07,5842,4476,1366,57390,0.1,0.31,50.0,2301.0,2026-08-21,35.0,317.0,2026-08-21
AIR,2026-07-07,317,237,80,1100,0.29,0.34,150.0,100.0,2026-07-17,120.0,10.0,2026-08-21
ENVA,2026-07-07,239,65,174,1037,0.23,2.68,190.0,22.0,2026-07-17,200.0,35.0,2026-07-17
GTX,2026-07-07,461,382,79,2661,0.17,0.21,24.0,82.0,2026-08-21,24.0,30.0,2026-08-21
MTH,2026-07-07,294,102,192,1775,0.17,1.88,85.0,21.0,2026-07-17,62.5,50.0,2026-07-17
CRSP,2026-07-07,2483,1966,517,14128,0.18,0.26,60.0,571.0,2026-07-17,57.5,141.0,2026-07-17
LQDA,2026-07-07,4177,1347,2830,67954,0.06,2.1,85.0,571.0,2026-07-17,70.0,1244.0,2026-07-10
VSXY,2026-07-07,3528,151,3377,14218,0.25,22.36,110.0,34.0,2026-08-21,85.0,3128.0,2026-07-17
UEC,2026-07-07,6170,5187,983,42133,0.15,0.19,15.0,2265.0,2026-07-17,9.5,213.0,2026-07-17
ACMR,2026-07-07,2753,1863,890,20539,0.13,0.48,135.0,302.0,2026-07-17,93.0,160.0,2026-07-10
ROAD,2026-07-07,270,117,153,2487,0.11,1.31,130.0,21.0,2026-07-17,120.0,45.0,2026-07-17
AX,2026-07-07,297,145,152,1744,0.17,1.05,95.0,36.0,2026-07-17,40.0,60.0,2026-07-17
PSMT,2026-07-07,458,225,233,253,1.81,1.04,155.0,200.0,2026-07-17,145.0,200.0,2026-07-17
CGON,2026-07-07,1171,769,402,55466,0.02,0.52,70.0,328.0,2026-07-17,40.0,142.0,2026-07-17
SBRA,2026-07-07,617,590,27,5171,0.12,0.05,20.0,503.0,2026-07-17,17.5,12.0,2026-07-17
YOU,2026-07-07,1690,1089,601,18476,0.09,0.55,49.8,410.0,2026-08-21,49.8,137.0,2026-08-21
LMND,2026-07-07,6038,2810,3228,23035,0.26,1.15,80.0,810.0,2026-07-10,74.0,1001.0,2026-07-10
TVTX,2026-07-07,616,434,182,3323,0.19,0.42,50.0,254.0,2026-07-17,50.0,100.0,2026-07-17
RIG,2026-07-07,5517,4904,613,43440,0.13,0.12,7.5,1975.0,2026-07-10,1.5,167.0,2026-07-10
BOOT,2026-07-07,514,341,173,6576,0.08,0.51,160.0,146.0,2026-07-17,160.0,55.0,2026-07-17
VRNS,2026-07-07,8649,253,8396,20059,0.43,33.19,45.0,134.0,2026-07-17,35.0,4619.0,2026-07-17
GLNG,2026-07-07,350,140,210,7987,0.04,1.5,60.0,52.0,2026-08-21,48.0,73.0,2026-08-21
TTAN,2026-07-07,1025,749,276,9808,0.1,0.37,95.0,131.0,2026-08-21,75.0,62.0,2026-07-17
MARA,2026-07-07,77007,46884,30123,395201,0.19,0.64,13.0,7110.0,2026-07-10,11.5,5704.0,2026-07-17
UCTT,2026-07-07,892,682,210,7867,0.11,0.31,90.0,241.0,2026-07-17,120.0,29.0,2026-08-21
INDV,2026-07-07,270,214,56,20820,0.01,0.26,40.0,62.0,2026-07-17,35.0,10.0,2026-07-17
PBF,2026-07-07,409,102,307,11598,0.04,3.01,40.0,15.0,2026-08-21,36.0,48.0,2026-07-17
SKY,2026-07-07,285,206,79,16748,0.02,0.38,100.0,95.0,2026-08-21,85.0,15.0,2026-07-17
EBC,2026-07-07,1715,1702,13,1040,1.65,0.01,5.0,700.0,2026-07-17,20.0,5.0,2026-07-17
SR,2026-07-07,2351,2345,6,123,19.11,0.0,85.0,2300.0,2026-07-17,75.0,2.0,2026-07-17
ZETA,2026-07-07,19554,14800,4754,98160,0.2,0.32,23.0,1981.0,2026-07-10,23.0,1253.0,2026-07-17
CNX,2026-07-07,843,693,150,4406,0.19,0.22,33.0,315.0,2026-07-17,31.0,50.0,2026-07-17
SYNA,2026-07-07,471,167,304,3904,0.12,1.82,95.0,40.0,2026-07-17,40.0,75.0,2026-07-17
OPEN,2026-07-07,39015,32341,6674,176268,0.22,0.21,5.5,9685.0,2026-07-10,5.0,3384.0,2026-07-10
ACLS,2026-07-07,1108,792,316,9053,0.12,0.4,260.0,359.0,2026-08-21,230.0,51.0,2026-08-21
FLG,2026-07-07,1793,1365,428,89820,0.02,0.31,15.0,1100.0,2026-08-21,15.0,140.0,2026-08-21
SPHR,2026-07-07,635,297,338,6485,0.1,1.14,155.0,83.0,2026-07-17,150.0,82.0,2026-07-17
HRI,2026-07-07,397,78,319,934,0.43,4.09,140.0,12.0,2026-07-17,145.0,300.0,2026-07-17
DNTH,2026-07-07,490,393,97,4248,0.12,0.25,75.0,250.0,2026-08-21,85.0,60.0,2026-08-21
RXO,2026-07-07,1278,196,1082,15570,0.08,5.52,20.0,100.0,2026-08-21,25.0,1000.0,2026-07-17
DIOD,2026-07-07,322,141,181,1503,0.21,1.28,115.0,50.0,2026-08-21,120.0,43.0,2026-07-17
MUR,2026-07-07,287,96,191,7869,0.04,1.99,30.0,19.0,2026-08-21,35.0,41.0,2026-07-17
TENB,2026-07-07,2333,412,1921,14121,0.17,4.66,26.0,75.0,2026-07-17,40.0,1350.0,2026-07-17
CRNX,2026-07-07,311,283,28,1501,0.21,0.1,35.0,100.0,2026-07-17,36.0,26.0,2026-07-17
CDP,2026-07-07,1304,1303,1,2612,0.5,0.0,35.0,1290.0,2026-07-17,30.0,1.0,2026-07-17
BMI,2026-07-07,267,108,159,1419,0.19,1.47,150.0,16.0,2026-07-17,135.0,87.0,2026-07-17
ORKA,2026-07-07,297,199,98,2121,0.14,0.49,25.0,40.0,2026-08-21,65.0,20.0,2026-07-17
VAL,2026-07-07,2521,2280,241,16508,0.15,0.11,75.0,2003.0,2026-08-21,45.0,58.0,2026-08-21
CECO,2026-07-07,392,83,309,4080,0.1,3.72,90.0,11.0,2026-08-21,75.0,219.0,2026-07-17
REZI,2026-07-07,215,64,151,4436,0.05,2.36,15.0,10.0,2026-08-21,35.0,128.0,2026-08-21
XMTR,2026-07-07,274,219,55,4570,0.06,0.25,90.0,59.0,2026-08-21,135.0,10.0,2026-07-17
BCO,2026-07-07,450,222,228,1892,0.24,1.03,100.0,74.0,2026-07-17,90.0,87.0,2026-07-17
MIR,2026-07-07,757,575,182,59473,0.01,0.32,17.5,407.0,2026-07-17,15.0,108.0,2026-07-17
IRTC,2026-07-07,215,76,139,770,0.28,1.83,125.0,13.0,2026-08-21,85.0,35.0,2026-07-17
TNGX,2026-07-07,820,325,495,5790,0.14,1.52,29.0,59.0,2026-07-17,28.0,209.0,2026-07-17
IRT,2026-07-07,689,654,35,710,0.97,0.05,2.5,480.0,2026-07-17,15.0,30.0,2026-07-17
BGC,2026-07-07,306,194,112,4479,0.07,0.58,14.0,100.0,2026-08-21,12.0,75.0,2026-07-17
PI,2026-07-07,348,231,117,2930,0.12,0.51,85.0,32.0,2026-07-17,70.0,25.0,2026-07-17
ANF,2026-07-07,3192,1018,2174,9532,0.33,2.14,95.0,232.0,2026-07-17,84.0,1097.0,2026-07-10
CELC,2026-07-07,3692,2235,1457,12733,0.29,0.65,90.0,559.0,2026-08-21,110.0,680.0,2026-07-17
URBN,2026-07-07,645,310,335,1492,0.43,1.08,70.0,83.0,2026-07-17,50.0,102.0,2026-07-17
POWI,2026-07-07,294,117,177,7852,0.04,1.51,90.0,29.0,2026-07-17,35.0,40.0,2026-07-17
MHO,2026-07-07,324,283,41,1897,0.17,0.14,130.0,150.0,2026-07-17,135.0,10.0,2026-07-17
ABG,2026-07-07,329,226,103,5359,0.06,0.46,220.0,100.0,2026-07-17,170.0,80.0,2026-07-17
CNR,2026-07-07,1191,384,807,5847,0.2,2.1,85.0,236.0,2026-07-17,75.0,380.0,2026-08-21
DAVE,2026-07-07,858,406,452,5231,0.16,1.11,250.0,80.0,2026-07-17,420.0,92.0,2026-07-17
CSTM,2026-07-07,877,701,176,9735,0.09,0.25,30.0,492.0,2026-07-17,33.0,30.0,2026-08-21
MC,2026-07-07,816,796,20,3487,0.23,0.03,75.0,238.0,2026-07-17,45.0,6.0,2026-07-17
SLG,2026-07-07,876,445,431,12378,0.07,0.97,42.5,177.0,2026-07-17,45.0,174.0,2026-07-17
SKYW,2026-07-07,1800,86,1714,1053,1.71,19.93,105.0,20.0,2026-08-21,115.0,800.0,2026-07-17
OII,2026-07-07,581,546,35,5226,0.11,0.06,40.0,483.0,2026-07-17,40.0,11.0,2026-07-17
GEO,2026-07-07,8899,8562,337,91093,0.1,0.04,30.0,3862.0,2026-07-17,28.0,106.0,2026-07-17
EXTR,2026-07-07,462,335,127,2712,0.17,0.38,28.0,140.0,2026-08-21,29.0,42.0,2026-07-17
DNLI,2026-07-07,356,253,103,5065,0.07,0.41,2.5,132.0,2026-07-17,5.0,80.0,2026-07-17
ITRI,2026-07-07,352,210,142,5685,0.06,0.68,145.0,100.0,2026-07-17,75.0,58.0,2026-07-17
LBRT,2026-07-07,914,861,53,7020,0.13,0.06,30.0,613.0,2026-08-21,29.0,6.0,2026-07-17
ICUI,2026-07-07,270,174,96,593,0.46,0.55,145.0,110.0,2026-07-17,115.0,42.0,2026-08-21
BOX,2026-07-07,1153,933,220,4171,0.28,0.24,32.0,588.0,2026-08-21,25.0,100.0,2026-08-21
LRN,2026-07-07,848,768,80,4911,0.17,0.1,100.0,530.0,2026-07-17,90.0,31.0,2026-07-17
BKD,2026-07-07,536,375,161,31622,0.02,0.43,16.0,299.0,2026-07-17,15.0,132.0,2026-07-17
AAP,2026-07-07,1146,604,542,76959,0.01,0.9,63.0,161.0,2026-07-17,67.5,150.0,2026-07-17
CRC,2026-07-07,361,204,157,920,0.39,0.77,60.0,51.0,2026-07-17,55.0,102.0,2026-07-17
RELY,2026-07-07,2544,1569,975,11251,0.23,0.62,25.0,777.0,2026-07-17,22.5,800.0,2026-07-17
ERAS,2026-07-07,3442,2685,757,30096,0.11,0.28,10.0,1000.0,2026-07-17,12.5,400.0,2026-08-21
KBH,2026-07-07,393,99,294,15651,0.03,2.97,60.0,27.0,2026-07-17,60.0,235.0,2026-07-17
CAKE,2026-07-07,1501,181,1320,7957,0.19,7.29,85.0,24.0,2026-07-17,82.5,1000.0,2026-07-17
USAR,2026-07-07,15243,10884,4359,88686,0.17,0.4,22.0,1204.0,2026-07-17,17.5,707.0,2026-07-10
CALM,2026-07-07,626,401,225,15736,0.04,0.56,90.0,142.0,2026-08-21,75.0,41.0,2026-07-17
PLUG,2026-07-07,11426,9502,1924,97247,0.12,0.2,3.0,3625.0,2026-07-10,2.5,925.0,2026-07-10
IBRX,2026-07-07,7111,5661,1450,131945,0.05,0.26,22.0,2317.0,2026-07-17,7.5,638.0,2026-07-17
TDS,2026-07-07,968,959,9,6715,0.14,0.01,45.0,507.0,2026-07-17,35.0,2.0,2026-07-17
ONDS,2026-07-07,50155,33897,16258,460828,0.11,0.48,8.0,9976.0,2026-07-10,11.5,3821.0,2026-07-17
HIW,2026-07-07,501,336,165,3426,0.15,0.49,30.0,172.0,2026-08-21,25.0,146.0,2026-07-17
WHD,2026-07-07,393,78,315,2845,0.14,4.04,55.0,44.0,2026-08-21,35.0,100.0,2026-08-21
SEI,2026-07-07,2522,784,1738,22584,0.11,2.22,67.5,374.0,2026-07-17,65.0,383.0,2026-07-17
HAE,2026-07-07,1069,61,1008,3227,0.33,16.52,90.0,15.0,2026-07-17,70.0,1001.0,2026-07-17
LASR,2026-07-07,730,591,139,3367,0.22,0.24,60.0,250.0,2026-07-10,65.0,11.0,2026-07-10
HNGE,2026-07-07,2842,1872,970,17564,0.16,0.52,90.0,1734.0,2026-08-21,65.0,759.0,2026-07-17
AXTI,2026-07-07,8579,4755,3824,69665,0.12,0.8,70.0,602.0,2026-07-10,40.0,1219.0,2026-07-10
UUUU,2026-07-07,9549,6496,3053,96172,0.1,0.47,14.0,672.0,2026-07-10,12.0,939.0,2026-07-10
TPC,2026-07-07,1200,1104,96,2624,0.46,0.09,70.0,1010.0,2026-07-17,100.0,27.0,2026-07-17
INSW,2026-07-07,1615,1559,56,6544,0.25,0.04,90.0,1011.0,2026-08-21,70.0,21.0,2026-07-17
VECO,2026-07-07,594,410,184,10149,0.06,0.45,85.0,162.0,2026-08-21,50.0,38.0,2026-08-21
TDW,2026-07-07,237,127,110,3409,0.07,0.87,35.0,50.0,2026-07-17,30.0,25.0,2026-07-17
BEAM,2026-07-07,2383,2116,267,9843,0.24,0.13,40.0,762.0,2026-07-17,27.0,48.0,2026-07-17
ICHR,2026-07-07,735,365,370,5436,0.14,1.01,80.0,57.0,2026-07-17,45.0,31.0,2026-08-21
GPI,2026-07-07,1211,80,1131,1558,0.78,14.14,430.0,20.0,2026-08-21,280.0,374.0,2026-08-21
STNG,2026-07-07,1592,1373,219,17479,0.09,0.16,77.5,1001.0,2026-08-21,67.5,42.0,2026-07-17
ACHR,2026-07-07,19586,14825,4761,215587,0.09,0.32,5.0,6890.0,2026-07-10,5.0,3022.0,2026-07-10
AMBA,2026-07-07,3313,2161,1152,12595,0.26,0.53,57.0,1200.0,2026-07-17,49.5,145.0,2026-07-10
ACAD,2026-07-07,257,174,83,3284,0.08,0.48,29.0,56.0,2026-07-17,19.0,33.0,2026-07-17
CNK,2026-07-07,1101,212,889,8719,0.13,4.19,32.0,42.0,2026-07-17,30.0,626.0,2026-07-17
BKU,2026-07-07,243,227,16,38153,0.01,0.07,55.0,200.0,2026-07-17,40.0,4.0,2026-07-17
SFNC,2026-07-07,332,327,5,241,1.38,0.02,2.5,307.0,2026-09-18,17.5,5.0,2026-09-18
SIG,2026-07-07,1098,801,297,11620,0.09,0.37,84.0,406.0,2026-07-10,75.0,92.0,2026-07-10
TDC,2026-07-07,796,681,115,4776,0.17,0.17,42.5,300.0,2026-08-21,30.0,24.0,2026-07-17
IMVT,2026-07-07,981,563,418,10389,0.09,0.74,28.0,300.0,2026-07-17,30.0,85.0,2026-07-17
NATL,2026-07-07,351,26,325,223,1.57,12.5,45.0,16.0,2026-07-17,30.0,269.0,2026-07-17
FUL,2026-07-07,272,147,125,665,0.41,0.85,65.0,120.0,2026-07-17,30.0,36.0,2026-08-21
RARE,2026-07-07,2411,1411,1000,7605,0.32,0.71,35.0,819.0,2026-07-17,17.5,750.0,2026-08-21
DK,2026-07-07,450,345,105,2719,0.17,0.3,55.0,60.0,2026-08-21,40.0,27.0,2026-07-17
ADEA,2026-07-07,423,275,148,14213,0.03,0.54,35.0,76.0,2026-08-21,25.0,46.0,2026-07-17
CWK,2026-07-07,273,196,77,1272,0.21,0.39,15.0,79.0,2026-08-21,12.5,53.0,2026-08-21
SMR,2026-07-07,25007,17264,7743,162469,0.15,0.45,9.0,2657.0,2026-07-10,8.5,1503.0,2026-07-10
RSI,2026-07-07,371,289,82,33582,0.01,0.28,17.5,172.0,2026-07-17,30.0,41.0,2026-08-21
CLSK,2026-07-07,18351,14329,4022,121248,0.15,0.28,20.0,2416.0,2026-07-10,12.0,542.0,2026-07-10
DYN,2026-07-07,514,339,175,801,0.64,0.52,35.0,250.0,2026-07-17,23.0,35.0,2026-08-21
COCO,2026-07-07,594,448,146,4126,0.14,0.33,70.0,128.0,2026-08-21,85.0,101.0,2026-07-17
MIAX,2026-07-07,633,515,118,5629,0.11,0.23,45.0,320.0,2026-07-17,50.0,67.0,2026-07-17
OUST,2026-07-07,6796,4165,2631,38244,0.18,0.63,60.0,661.0,2026-07-17,36.0,555.0,2026-07-17
KN,2026-07-07,553,137,416,3665,0.15,3.04,45.0,116.0,2026-08-21,35.0,400.0,2026-07-17
IDYA,2026-07-07,353,169,184,7146,0.05,1.09,37.5,82.0,2026-07-17,22.5,88.0,2026-07-17
ASH,2026-07-07,1218,1183,35,4599,0.26,0.03,70.0,1130.0,2026-07-17,55.0,14.0,2026-07-17
ASO,2026-07-07,955,681,274,10161,0.09,0.4,60.0,350.0,2026-07-17,45.0,85.0,2026-07-17
BHE,2026-07-07,298,272,26,1083,0.28,0.1,100.0,63.0,2026-08-21,95.0,10.0,2026-07-17
PENG,2026-07-07,11609,7159,4450,26867,0.43,0.62,65.0,1236.0,2026-07-17,55.0,883.0,2026-07-17
HP,2026-07-07,296,230,66,2520,0.12,0.29,30.0,50.0,2026-07-17,42.5,15.0,2026-07-17
CENX,2026-07-07,1288,626,662,13098,0.1,1.06,50.0,407.0,2026-07-17,40.0,340.0,2026-07-17
WRBY,2026-07-07,577,176,401,7395,0.08,2.28,25.0,44.0,2026-07-17,27.0,136.0,2026-07-17
RLAY,2026-07-07,999,114,885,19870,0.05,7.76,22.0,30.0,2026-08-21,12.0,601.0,2026-07-17
STEP,2026-07-07,319,170,149,3644,0.09,0.88,50.0,82.0,2026-08-21,35.0,53.0,2026-07-17
LEU,2026-07-07,1221,725,496,17614,0.07,0.68,200.0,107.0,2026-07-17,155.0,78.0,2026-07-17
CXW,2026-07-07,17110,14936,2174,93801,0.18,0.15,30.0,6731.0,2026-07-17,20.0,1200.0,2026-07-17
CLDX,2026-07-07,1261,330,931,2805,0.45,2.82,23.0,200.0,2026-08-21,33.0,860.0,2026-07-17
PTEN,2026-07-07,534,399,135,99817,0.01,0.34,15.0,120.0,2026-08-21,8.0,36.0,2026-07-17
RUN,2026-07-07,10345,5851,4494,102218,0.1,0.77,10.0,802.0,2026-07-17,11.5,692.0,2026-07-10
SEZL,2026-07-07,1137,819,318,30245,0.04,0.39,185.0,153.0,2026-07-17,35.0,80.0,2026-07-17
UPST,2026-07-07,7834,5467,2367,64292,0.12,0.43,35.0,597.0,2026-07-17,35.0,685.0,2026-07-10
SHOO,2026-07-07,2772,1448,1324,24224,0.11,0.91,40.0,1443.0,2026-07-17,35.0,1312.0,2026-07-17
LION,2026-07-07,1383,540,843,36475,0.04,1.56,15.0,222.0,2026-08-21,17.0,588.0,2026-08-21
PFS,2026-07-07,458,452,6,216,2.12,0.01,5.0,201.0,2026-07-17,20.0,5.0,2026-07-17
MGNI,2026-07-07,1227,988,239,26043,0.05,0.24,18.0,509.0,2026-07-17,14.0,50.0,2026-07-17
AGYS,2026-07-07,203,161,42,742,0.27,0.26,100.0,53.0,2026-07-17,60.0,10.0,2026-07-17
CC,2026-07-07,983,515,468,33092,0.03,0.91,22.5,193.0,2026-07-17,12.0,150.0,2026-07-17
PARR,2026-07-07,310,125,185,2372,0.13,1.48,80.0,30.0,2026-07-17,75.0,96.0,2026-07-17
STUB,2026-07-07,4570,4427,143,46656,0.1,0.03,10.5,2180.0,2026-07-17,12.5,20.0,2026-07-10
GRAL,2026-07-07,503,327,176,7832,0.06,0.54,70.0,106.0,2026-07-17,75.0,50.0,2026-07-17
SLS,2026-07-07,7295,5798,1497,182279,0.04,0.26,3.0,700.0,2026-07-17,6.5,281.0,2026-07-17
PENN,2026-07-07,1141,334,807,26243,0.04,2.42,21.0,61.0,2026-08-21,18.0,402.0,2026-07-17
BANC,2026-07-07,1820,1777,43,16352,0.11,0.02,2.5,801.0,2026-07-17,20.0,11.0,2026-08-21
BWIN,2026-07-07,206,164,42,1595,0.13,0.26,22.5,91.0,2026-07-17,20.0,20.0,2026-07-17
UNFI,2026-07-07,498,403,95,3892,0.13,0.24,70.0,236.0,2026-07-17,20.0,20.0,2026-08-21
EWTX,2026-07-07,3751,2284,1467,8697,0.43,0.64,25.0,2125.0,2026-08-21,30.0,1031.0,2026-08-21
VAC,2026-07-07,382,294,88,2373,0.16,0.3,80.0,50.0,2026-07-17,55.0,32.0,2026-07-17
BTU,2026-07-07,3885,2966,919,27604,0.14,0.31,23.0,1063.0,2026-07-10,20.0,428.0,2026-07-17
BXMT,2026-07-07,2684,354,2330,7750,0.35,6.58,19.0,100.0,2026-08-21,19.0,1113.0,2026-07-17
TARS,2026-07-07,274,223,51,13458,0.02,0.23,85.0,78.0,2026-07-17,62.5,20.0,2026-08-21
FSLY,2026-07-07,1934,1550,384,25280,0.08,0.25,20.0,458.0,2026-07-10,22.5,47.0,2026-07-17
CARG,2026-07-07,266,174,92,1017,0.26,0.53,28.0,50.0,2026-07-17,25.0,25.0,2026-07-17
COHU,2026-07-07,1125,645,480,4369,0.26,0.74,65.0,267.0,2026-08-21,60.0,229.0,2026-07-17
PATK,2026-07-07,342,271,71,728,0.47,0.26,105.0,239.0,2026-08-21,75.0,16.0,2026-07-17
DAN,2026-07-07,251,189,62,1680,0.15,0.33,40.0,70.0,2026-07-17,31.0,10.0,2026-08-21
TRN,2026-07-07,2532,69,2463,12406,0.2,35.7,27.0,20.0,2026-07-17,27.0,1750.0,2026-08-21
HLIO,2026-07-07,563,50,513,1266,0.44,10.26,95.0,24.0,2026-07-17,85.0,510.0,2026-07-17
WK,2026-07-07,404,326,78,1180,0.34,0.24,65.0,101.0,2026-07-17,45.0,12.0,2026-07-17
PK,2026-07-07,511,500,11,9715,0.05,0.02,2.5,359.0,2026-08-21,5.0,2.0,2026-07-17
HUBG,2026-07-07,2468,2419,49,2782,0.89,0.02,50.0,1900.0,2026-07-17,40.0,44.0,2026-07-17
NAVN,2026-07-07,522,319,203,10406,0.05,0.64,25.0,100.0,2026-07-17,20.0,51.0,2026-07-17
VISN,2026-07-07,1892,1208,684,48099,0.04,0.57,11.0,200.0,2026-08-21,15.0,228.0,2026-08-21
RH,2026-07-07,1574,727,847,13485,0.12,1.17,162.5,115.0,2026-07-10,157.5,249.0,2026-07-10
KEEL,2026-07-07,19615,11918,7697,143963,0.14,0.65,7.5,1991.0,2026-07-17,3.5,2022.0,2026-07-17
ATEN,2026-07-07,469,132,337,6532,0.07,2.55,40.0,39.0,2026-07-17,35.0,315.0,2026-07-17
VERA,2026-07-07,21218,13518,7700,15063,1.41,0.57,45.0,5642.0,2026-08-21,40.0,5089.0,2026-08-21
WERN,2026-07-07,409,321,88,994,0.41,0.27,40.0,300.0,2026-07-17,40.0,48.0,2026-07-17
NVTS,2026-07-07,17081,8733,8348,115735,0.15,0.96,16.0,1104.0,2026-07-10,12.0,1323.0,2026-07-10
BATRK,2026-07-07,685,547,138,1794,0.38,0.25,22.5,505.0,2026-08-21,50.0,100.0,2026-08-21
SOUN,2026-07-07,21652,16766,4886,356938,0.06,0.29,7.0,5535.0,2026-07-10,6.5,1533.0,2026-07-10
CALY,2026-07-07,314,147,167,16260,0.02,1.14,15.0,56.0,2026-07-17,12.5,50.0,2026-07-17
TRMK,2026-07-07,210,145,65,198,1.06,0.45,25.0,138.0,2026-08-21,22.5,61.0,2026-08-21
AEO,2026-07-07,942,516,426,12409,0.08,0.83,17.0,83.0,2026-07-10,15.0,95.0,2026-07-17
STNE,2026-07-07,4913,419,4494,143211,0.03,10.73,18.0,103.0,2026-07-17,18.47,4000.0,2026-07-17
CLMT,2026-07-07,1429,759,670,31516,0.05,0.88,38.0,210.0,2026-08-21,13.0,112.0,2026-08-21
PFSI,2026-07-07,2638,2298,340,20009,0.13,0.15,125.0,1000.0,2026-08-21,115.0,200.0,2026-08-21
DHT,2026-07-07,1784,1595,189,53229,0.03,0.12,17.0,501.0,2026-08-21,17.0,45.0,2026-07-17
LUNR,2026-07-07,10941,5900,5041,104195,0.11,0.85,18.5,656.0,2026-07-10,17.5,1412.0,2026-07-10
NWL,2026-07-07,297,214,83,27223,0.01,0.39,5.0,143.0,2026-07-17,1.0,17.0,2026-07-17
IMNM,2026-07-07,431,337,94,3217,0.13,0.28,25.0,84.0,2026-07-17,22.0,32.0,2026-07-17
LCII,2026-07-07,903,150,753,1866,0.48,5.02,100.0,87.0,2026-07-17,70.0,650.0,2026-07-17
CRGY,2026-07-07,513,334,179,17607,0.03,0.54,10.0,143.0,2026-08-21,12.5,68.0,2026-08-21
NKTR,2026-07-07,6067,4803,1264,27421,0.22,0.26,80.0,1111.0,2026-08-21,35.0,522.0,2026-07-17
BULL,2026-07-07,9526,8080,1446,216945,0.04,0.18,7.5,1434.0,2026-07-10,7.0,440.0,2026-07-10
CTRI,2026-07-07,211,143,68,6477,0.03,0.48,27.5,30.0,2026-07-17,30.0,33.0,2026-07-17
AXGN,2026-07-07,1610,1586,24,791,2.04,0.02,50.0,1503.0,2026-08-21,15.0,5.0,2026-07-17
ESTA,2026-07-07,983,633,350,5147,0.19,0.55,90.0,300.0,2026-07-17,75.0,100.0,2026-08-21
SGHC,2026-07-07,2216,1735,481,123821,0.02,0.28,10.75,1005.0,2026-07-17,6.75,200.0,2026-07-17
NTLA,2026-07-07,1085,626,459,33826,0.03,0.73,18.0,108.0,2026-08-21,16.0,260.0,2026-07-17
XRAY,2026-07-07,598,126,472,9296,0.06,3.75,12.5,58.0,2026-07-17,10.0,200.0,2026-08-21
RAMP,2026-07-07,550,497,53,3435,0.16,0.11,40.0,400.0,2026-07-17,17.5,20.0,2026-08-21
TMDX,2026-07-07,904,329,575,24280,0.04,1.75,105.0,69.0,2026-08-21,50.0,203.0,2026-07-17
PTON,2026-07-07,2778,1508,1270,254013,0.01,0.84,6.5,470.0,2026-07-10,5.5,296.0,2026-07-17
UTI,2026-07-07,412,286,126,7998,0.05,0.44,45.0,170.0,2026-07-17,17.5,20.0,2026-07-17
NRIX,2026-07-07,571,386,185,2905,0.2,0.48,30.0,156.0,2026-08-21,22.0,80.0,2026-07-17
BCRX,2026-07-07,2367,1861,506,34368,0.07,0.27,10.0,1031.0,2026-07-17,10.0,153.0,2026-07-17
APAM,2026-07-07,254,238,16,957,0.27,0.07,35.0,150.0,2026-08-21,30.0,6.0,2026-08-21
FLY,2026-07-07,2468,1196,1272,53789,0.05,1.06,30.0,189.0,2026-07-10,23.0,120.0,2026-07-17
ATRO,2026-07-07,541,468,73,917,0.59,0.16,75.0,411.0,2026-07-17,75.0,50.0,2026-07-17
CPRI,2026-07-07,1280,1212,68,31323,0.04,0.06,20.0,809.0,2026-07-17,17.5,20.0,2026-07-17
BRZE,2026-07-07,1405,1259,146,16323,0.09,0.12,25.0,586.0,2026-07-17,22.5,41.0,2026-07-17
ASTH,2026-07-07,646,514,132,7779,0.08,0.26,30.0,200.0,2026-08-21,20.0,55.0,2026-08-21
NG,2026-07-07,1030,861,169,13933,0.07,0.2,8.0,466.0,2026-08-21,5.0,100.0,2026-07-17
SHAK,2026-07-07,1527,1050,477,9432,0.16,0.45,57.0,279.0,2026-07-17,54.0,140.0,2026-07-17
AGIO,2026-07-07,649,499,150,4699,0.14,0.3,35.0,155.0,2026-07-17,25.0,100.0,2026-07-17
FLYW,2026-07-07,390,323,67,4288,0.09,0.21,20.0,165.0,2026-07-17,17.5,40.0,2026-07-17
RDW,2026-07-07,13716,7618,6098,137759,0.1,0.8,12.0,1920.0,2026-07-17,9.0,2962.0,2026-07-17
SPSC,2026-07-07,1074,1069,5,2183,0.49,0.0,135.0,1000.0,2026-07-17,50.0,1.0,2026-07-17
CNS,2026-07-07,2871,2869,2,1724,1.67,0.0,80.0,1604.0,2026-07-17,65.0,1.0,2026-07-17
INOD,2026-07-07,1205,733,472,37186,0.03,0.64,74.0,139.0,2026-07-10,74.0,100.0,2026-07-10
FRSH,2026-07-07,1208,1105,103,20795,0.06,0.09,10.0,516.0,2026-07-17,7.5,50.0,2026-08-21
VVX,2026-07-07,255,219,36,2509,0.1,0.16,85.0,162.0,2026-07-17,65.0,10.0,2026-07-17
CLOV,2026-07-07,3765,2917,848,41083,0.09,0.29,5.0,968.0,2026-07-17,5.0,330.0,2026-07-10
LFST,2026-07-07,418,360,58,9862,0.04,0.16,11.0,120.0,2026-08-21,6.0,15.0,2026-07-17
ARR,2026-07-07,343,145,198,11566,0.03,1.37,17.0,28.0,2026-07-17,17.0,115.0,2026-07-17
BHVN,2026-07-07,1320,996,324,27157,0.05,0.33,13.0,320.0,2026-08-21,15.0,220.0,2026-07-17
ALMS,2026-07-07,650,433,217,1917,0.34,0.5,30.0,161.0,2026-07-17,10.0,83.0,2026-07-17
AEHR,2026-07-07,3980,2703,1277,21275,0.19,0.47,170.0,249.0,2026-07-17,60.0,216.0,2026-07-17
PACS,2026-07-07,327,140,187,2491,0.13,1.34,40.0,50.0,2026-07-17,40.0,65.0,2026-08-21
FCF,2026-07-07,500,496,4,184,2.72,0.01,2.5,458.0,2026-10-16,15.0,4.0,2026-07-17
ADMA,2026-07-07,584,454,130,20383,0.03,0.29,11.0,84.0,2026-07-17,8.0,20.0,2026-08-21
JBLU,2026-07-07,7742,1905,5837,46869,0.17,3.06,6.0,491.0,2026-07-10,5.5,2335.0,2026-07-10
PGNY,2026-07-07,379,164,215,2126,0.18,1.31,40.0,84.0,2026-08-21,10.0,85.0,2026-08-21
FUN,2026-07-07,1871,1439,432,14930,0.13,0.3,20.0,1102.0,2026-07-17,20.0,361.0,2026-07-17
KSS,2026-07-07,5750,3151,2599,25078,0.23,0.82,30.0,700.0,2026-07-10,7.0,1022.0,2026-07-17
MBC,2026-07-07,995,24,971,4595,0.22,40.46,7.5,10.0,2026-07-17,10.0,950.0,2026-07-17
SRPT,2026-07-07,801,618,183,7554,0.11,0.3,19.5,106.0,2026-07-17,23.0,62.0,2026-07-10
NEO,2026-07-07,461,165,296,3623,0.13,1.79,15.0,43.0,2026-08-21,10.0,200.0,2026-08-21
PDFS,2026-07-07,287,201,86,1967,0.15,0.43,50.0,70.0,2026-07-17,50.0,14.0,2026-07-17
SNDX,2026-07-07,956,844,112,5402,0.18,0.13,19.0,501.0,2026-07-17,16.0,21.0,2026-07-17
OCUL,2026-07-07,946,809,137,15711,0.06,0.17,11.0,208.0,2026-07-10,7.0,27.0,2026-07-17
AVPT,2026-07-07,7832,7741,91,2245,3.49,0.01,13.0,7417.0,2026-07-17,7.0,50.0,2026-07-17
LTC,2026-07-07,296,236,60,1885,0.16,0.25,45.0,182.0,2026-08-21,40.0,28.0,2026-07-17
RXRX,2026-07-07,2643,2349,294,49844,0.05,0.13,3.5,758.0,2026-07-10,3.5,86.0,2026-07-10
TRVI,2026-07-07,1902,823,1079,14390,0.13,1.31,23.0,476.0,2026-07-17,11.0,750.0,2026-07-17
ECPG,2026-07-07,271,11,260,420,0.65,23.64,82.5,5.0,2026-07-17,92.5,252.0,2026-07-17
AGM,2026-07-07,303,261,42,497,0.61,0.16,185.0,200.0,2026-08-21,180.0,16.0,2026-08-21
NOG,2026-07-07,3544,2931,613,23092,0.15,0.21,18.0,1942.0,2026-08-21,18.0,170.0,2026-08-21
SPNT,2026-07-07,237,236,1,1065,0.22,0.0,25.0,108.0,2026-07-17,20.0,1.0,2026-10-16
QUBT,2026-07-07,14569,8651,5918,151654,0.1,0.68,10.0,1914.0,2026-07-10,8.5,2495.0,2026-07-10
PAYO,2026-07-07,796,771,25,11342,0.07,0.03,8.0,500.0,2026-07-17,6.0,10.0,2026-07-17
IMAX,2026-07-07,3864,3179,685,15299,0.25,0.22,45.0,1050.0,2026-07-17,36.0,250.0,2026-08-21
NVCR,2026-07-07,658,605,53,5550,0.12,0.09,19.0,256.0,2026-08-21,15.0,10.0,2026-07-17
AUPH,2026-07-07,1881,1770,111,10411,0.18,0.06,15.0,1344.0,2026-07-17,16.0,31.0,2026-08-21
PPTA,2026-07-07,1013,667,346,18735,0.05,0.52,20.0,151.0,2026-08-21,17.5,117.0,2026-08-21
GT,2026-07-07,825,596,229,50709,0.02,0.38,7.0,365.0,2026-07-17,7.0,50.0,2026-07-17
UNIT,2026-07-07,3093,3034,59,26508,0.12,0.02,13.0,2737.0,2026-08-21,10.0,15.0,2026-07-17
EOSE,2026-07-07,21676,16512,5164,216010,0.1,0.31,10.0,6187.0,2026-07-17,5.5,1077.0,2026-07-10
HUN,2026-07-07,790,591,199,23567,0.03,0.34,11.0,251.0,2026-08-21,2.0,40.0,2026-08-21
BTDR,2026-07-07,13104,7045,6059,539098,0.02,0.86,16.0,3556.0,2026-07-17,17.0,3015.0,2026-07-17
ZD,2026-07-07,2222,2153,69,3579,0.62,0.03,50.0,1116.0,2026-07-17,30.0,32.0,2026-08-21
MAN,2026-07-07,563,454,109,1965,0.29,0.24,45.0,420.0,2026-07-17,22.5,40.0,2026-07-17
IIPR,2026-07-07,1165,1116,49,5307,0.22,0.04,50.0,474.0,2026-07-17,30.0,14.0,2026-07-17
BAND,2026-07-07,633,491,142,7559,0.08,0.29,100.0,100.0,2026-07-17,40.0,35.0,2026-08-21
EPAC,2026-07-07,391,386,5,795,0.49,0.01,45.0,217.0,2026-07-17,40.0,4.0,2026-07-17
TFIN,2026-07-07,2611,2253,358,8560,0.31,0.16,90.0,2001.0,2026-08-21,50.0,169.0,2026-08-21
VOYG,2026-07-07,1366,976,390,24079,0.06,0.4,65.0,475.0,2026-08-21,33.0,51.0,2026-07-17
STRA,2026-07-07,243,112,131,853,0.28,1.17,85.0,97.0,2026-07-17,45.0,100.0,2026-07-17
FIVN,2026-07-07,3436,2838,598,57928,0.06,0.21,22.5,859.0,2026-08-21,25.0,192.0,2026-07-17
MBX,2026-07-07,202,116,86,4995,0.04,0.74,55.0,32.0,2026-07-17,22.5,29.0,2026-07-17
VRDN,2026-07-07,2563,2122,441,13712,0.19,0.21,20.0,915.0,2026-07-17,20.0,100.0,2026-08-21
TALO,2026-07-07,339,132,207,3271,0.1,1.57,20.0,80.0,2026-07-17,15.0,104.0,2026-07-17
AMSC,2026-07-07,1082,665,417,19376,0.06,0.63,40.0,109.0,2026-07-17,30.0,61.0,2026-08-21
CBZ,2026-07-07,2460,2165,295,1871,1.31,0.14,40.0,2121.0,2026-07-17,25.0,140.0,2026-07-17
AMR,2026-07-07,313,171,142,3644,0.09,0.83,160.0,35.0,2026-08-21,190.0,15.0,2026-08-21
IOVA,2026-07-07,2397,2229,168,18946,0.13,0.08,5.0,1282.0,2026-07-17,4.0,41.0,2026-07-17
WOR,2026-07-07,217,105,112,1191,0.18,1.07,60.0,50.0,2026-07-17,45.0,32.0,2026-07-17
AMPX,2026-07-07,3558,1885,1673,121872,0.03,0.89,13.0,418.0,2026-07-10,10.5,362.0,2026-07-17
SHLS,2026-07-07,1112,581,531,76378,0.01,0.91,11.0,172.0,2026-07-17,8.0,108.0,2026-08-21
BBAI,2026-07-07,12296,10159,2137,123177,0.1,0.21,4.0,3317.0,2026-07-10,3.5,1022.0,2026-07-10
DXC,2026-07-07,395,248,147,6253,0.06,0.59,10.0,74.0,2026-07-17,7.0,42.0,2026-08-21
TDOC,2026-07-07,12125,11765,360,75001,0.16,0.03,10.0,6828.0,2026-07-10,9.0,136.0,2026-07-17
NSP,2026-07-07,259,148,111,985,0.26,0.75,20.0,93.0,2026-07-17,60.0,26.0,2026-07-17
PLAB,2026-07-07,1112,585,527,12150,0.09,0.9,35.0,164.0,2026-07-17,25.0,221.0,2026-07-17
TNK,2026-07-07,1564,1241,323,4763,0.33,0.26,79.0,560.0,2026-08-21,69.0,105.0,2026-07-17
HRMY,2026-07-07,882,815,67,2066,0.43,0.08,50.0,752.0,2026-07-17,22.5,44.0,2026-07-17
AMLX,2026-07-07,257,114,143,1574,0.16,1.25,32.0,15.0,2026-08-21,3.0,56.0,2026-07-17
ATAI,2026-07-07,4897,4630,267,23994,0.2,0.06,6.0,3126.0,2026-08-21,5.0,204.0,2026-07-17
FLO,2026-07-07,403,354,49,22219,0.02,0.14,2.5,140.0,2026-07-17,7.5,13.0,2026-07-17
NN,2026-07-07,2537,1432,1105,59684,0.04,0.77,13.0,338.0,2026-07-17,17.0,457.0,2026-07-17
TRIP,2026-07-07,1613,1273,340,39722,0.04,0.27,15.5,369.0,2026-07-17,2.0,132.0,2026-07-10
TPB,2026-07-07,408,371,37,2732,0.15,0.1,75.0,172.0,2026-08-21,90.0,15.0,2026-07-17
BRBR,2026-07-07,387,261,126,24826,0.02,0.48,15.0,93.0,2026-07-17,22.5,41.0,2026-08-21
PRGS,2026-07-07,251,96,155,3990,0.06,1.61,40.0,22.0,2026-08-21,37.5,93.0,2026-07-17
URGN,2026-07-07,949,635,314,3431,0.28,0.49,20.0,365.0,2026-08-21,15.0,100.0,2026-08-21
DV,2026-07-07,1299,1197,102,9198,0.14,0.09,12.5,1037.0,2026-07-17,20.0,32.0,2026-07-17
BFLY,2026-07-07,2280,1606,674,62471,0.04,0.42,10.0,435.0,2026-07-17,7.5,458.0,2026-07-17
MLYS,2026-07-07,866,192,674,14882,0.06,3.51,40.0,126.0,2026-07-17,17.5,621.0,2026-07-17
PVLA,2026-07-07,1045,383,662,4519,0.23,1.73,200.0,160.0,2026-08-21,95.0,500.0,2026-07-17
ABSI,2026-07-07,1504,1043,461,36403,0.04,0.44,13.0,461.0,2026-07-17,11.0,234.0,2026-07-17
HG,2026-07-07,438,227,211,989,0.44,0.93,28.0,100.0,2026-07-17,40.0,192.0,2026-07-17
HLIT,2026-07-07,345,278,67,9610,0.04,0.24,20.0,174.0,2026-07-17,10.0,20.0,2026-07-17
EYE,2026-07-07,208,108,100,5583,0.04,0.93,25.0,60.0,2026-07-17,22.5,50.0,2026-07-17
BW,2026-07-07,1987,1411,576,6023,0.33,0.41,22.0,396.0,2026-07-10,24.0,201.0,2026-07-10
TSHA,2026-07-07,634,186,448,20813,0.03,2.41,6.0,80.0,2026-08-21,5.0,406.0,2026-07-17
TNC,2026-07-07,602,27,575,1582,0.38,21.3,70.0,10.0,2026-07-17,65.0,550.0,2026-07-17
PRGO,2026-07-07,397,303,94,29141,0.01,0.31,12.5,171.0,2026-08-21,12.5,31.0,2026-08-21
AMBQ,2026-07-07,658,589,69,2631,0.25,0.12,75.0,292.0,2026-08-21,75.0,18.0,2026-07-17
FCEL,2026-07-07,11873,7341,4532,91668,0.13,0.62,35.0,895.0,2026-07-17,34.0,1527.0,2026-07-10
KOD,2026-07-07,819,789,30,2637,0.31,0.04,45.0,500.0,2026-08-21,27.0,5.0,2026-07-17
TE,2026-07-07,43013,30397,12616,187040,0.23,0.42,10.0,5280.0,2026-07-17,7.0,2148.0,2026-07-10
OI,2026-07-07,991,242,749,4987,0.2,3.1,15.0,110.0,2026-08-21,11.0,530.0,2026-08-21
FLNC,2026-07-07,4085,2023,2062,118047,0.03,1.02,24.0,250.0,2026-07-17,15.0,1081.0,2026-07-17
PAGS,2026-07-07,425,338,87,16156,0.03,0.26,12.0,235.0,2026-08-21,17.0,22.0,2026-08-21
PBI,2026-07-07,531,155,376,12258,0.04,2.43,20.0,18.0,2026-07-17,12.0,147.0,2026-07-17
MLKN,2026-07-07,314,82,232,1340,0.23,2.83,12.5,15.0,2026-07-17,20.0,101.0,2026-07-17
BL,2026-07-07,331,81,250,9735,0.03,3.09,25.0,31.0,2026-07-17,22.5,153.0,2026-07-17
PRCH,2026-07-07,340,318,22,8500,0.04,0.07,10.0,143.0,2026-07-17,15.0,6.0,2026-08-21
VPG,2026-07-07,719,492,227,3452,0.21,0.46,185.0,80.0,2026-08-21,65.0,47.0,2026-08-21
INFQ,2026-07-07,10607,8319,2288,159710,0.07,0.28,12.5,2308.0,2026-07-17,10.0,968.0,2026-07-17
NVAX,2026-07-07,2856,2428,428,68268,0.04,0.18,10.0,758.0,2026-07-17,9.0,89.0,2026-07-10
NUVB,2026-07-07,476,460,16,5801,0.08,0.03,5.0,223.0,2026-08-21,7.5,9.0,2026-07-17
FMC,2026-07-07,599,301,298,36025,0.02,0.99,12.5,125.0,2026-07-17,12.5,112.0,2026-07-17
SLDE,2026-07-07,293,114,179,6336,0.05,1.57,17.5,37.0,2026-08-21,20.0,103.0,2026-07-17
XERS,2026-07-07,11798,7714,4084,7589,1.55,0.53,10.0,6689.0,2026-07-17,5.0,4020.0,2026-07-17
ARI,2026-07-07,1120,22,1098,3581,0.31,49.91,5.0,8.0,2026-07-17,10.0,386.0,2026-08-21
APPS,2026-07-07,3989,3358,631,27012,0.15,0.19,11.0,2683.0,2026-07-17,12.0,390.0,2026-08-21
YELP,2026-07-07,1318,1183,135,7847,0.17,0.11,23.0,900.0,2026-08-21,16.0,15.0,2026-08-21
ARLO,2026-07-07,409,142,267,1374,0.3,1.88,14.0,36.0,2026-07-17,10.0,125.0,2026-07-17
WEN,2026-07-07,24009,17264,6745,385573,0.06,0.39,8.0,4019.0,2026-07-10,8.0,3057.0,2026-07-17
GLOB,2026-07-07,1354,1247,107,6702,0.2,0.09,25.0,461.0,2026-08-21,85.0,39.0,2026-08-21
AGL,2026-07-07,388,294,94,2033,0.19,0.32,0.5,157.0,2026-07-17,5.0,10.0,2026-07-17
MNKD,2026-07-07,778,407,371,5804,0.13,0.91,5.0,148.0,2026-07-10,2.5,200.0,2026-07-17
HROW,2026-07-07,797,555,242,5834,0.14,0.44,50.0,163.0,2026-08-21,34.0,70.0,2026-07-17
DJT,2026-07-07,5071,3829,1242,53135,0.1,0.32,9.5,812.0,2026-07-10,8.0,277.0,2026-07-17
WWW,2026-07-07,201,94,107,1172,0.17,1.14,17.5,53.0,2026-08-21,15.0,95.0,2026-08-21
DLO,2026-07-07,5991,5835,156,99582,0.06,0.03,14.47,3008.0,2026-07-17,14.47,32.0,2026-07-17
AMN,2026-07-07,1715,213,1502,3229,0.53,7.05,22.5,80.0,2026-07-17,17.5,714.0,2026-08-21
ENR,2026-07-07,368,258,110,8938,0.04,0.43,22.5,60.0,2026-08-21,15.0,32.0,2026-07-17
WGS,2026-07-07,1362,454,908,7260,0.19,2.0,70.0,137.0,2026-07-17,57.0,101.0,2026-07-10
INSP,2026-07-07,593,459,134,3349,0.18,0.29,60.0,355.0,2026-07-17,60.0,32.0,2026-07-17
LPG,2026-07-07,240,72,168,4029,0.06,2.33,40.0,23.0,2026-08-21,32.5,100.0,2026-08-21
HLF,2026-07-07,383,301,82,12669,0.03,0.27,12.0,119.0,2026-07-17,12.5,12.0,2026-07-10
VSTS,2026-07-07,6733,6644,89,12474,0.54,0.01,15.0,3629.0,2026-08-21,12.5,25.0,2026-07-17
LIND,2026-07-07,313,130,183,1975,0.16,1.41,17.5,100.0,2026-08-21,25.0,120.0,2026-08-21
AVBP,2026-07-07,2660,2596,64,9358,0.28,0.02,22.5,2413.0,2026-07-17,35.0,21.0,2026-07-17
ENOV,2026-07-07,310,248,62,5197,0.06,0.25,30.0,100.0,2026-07-17,20.0,35.0,2026-07-17
COUR,2026-07-07,480,272,208,61752,0.01,0.76,6.0,182.0,2026-07-17,4.0,76.0,2026-08-21
SLVM,2026-07-07,289,140,149,882,0.33,1.06,42.5,62.0,2026-07-17,42.5,100.0,2026-08-21
HYMC,2026-07-07,2733,1840,893,45489,0.06,0.49,40.0,526.0,2026-08-21,20.0,264.0,2026-08-21
ARDX,2026-07-07,474,291,183,25649,0.02,0.63,5.0,99.0,2026-08-21,8.0,49.0,2026-07-17
EPC,2026-07-07,1157,1067,90,836,1.38,0.08,2.5,765.0,2026-07-17,15.0,40.0,2026-07-17
TWO,2026-07-07,575,147,428,1784,0.32,2.91,12.0,120.0,2026-07-17,5.0,224.0,2026-07-17
SKYT,2026-07-07,899,608,291,5986,0.15,0.48,32.0,195.0,2026-07-17,12.0,110.0,2026-07-17
BCAX,2026-07-07,718,715,3,1228,0.58,0.0,17.5,300.0,2026-08-21,7.5,2.0,2026-07-17
ALKT,2026-07-07,4833,40,4793,9256,0.52,119.82,25.0,10.0,2026-07-17,15.0,4781.0,2026-08-21
NEXT,2026-07-07,669,495,174,119837,0.01,0.35,11.0,188.0,2026-08-21,7.0,66.0,2026-07-17
UAA,2026-07-07,845,647,198,18779,0.04,0.31,7.0,411.0,2026-07-17,6.0,51.0,2026-07-17
QDEL,2026-07-07,206,134,72,4685,0.04,0.54,20.0,49.0,2026-08-21,15.0,21.0,2026-08-21
ANAB,2026-07-07,277,255,22,1311,0.21,0.09,75.0,84.0,2026-07-17,40.0,8.0,2026-08-21
CAPR,2026-07-07,3449,1831,1618,36818,0.09,0.88,45.0,480.0,2026-08-21,20.0,765.0,2026-08-21
GIII,2026-07-07,358,5,353,1751,0.2,70.6,30.0,1.0,2026-07-17,35.0,289.0,2026-07-17
AI,2026-07-07,4773,3993,780,128435,0.04,0.2,10.5,1364.0,2026-07-10,8.5,162.0,2026-07-10
KOS,2026-07-07,674,459,215,72688,0.01,0.47,1.0,120.0,2026-07-17,1.0,101.0,2026-07-17
CBRL,2026-07-07,1774,968,806,14948,0.12,0.83,50.0,320.0,2026-08-21,42.5,296.0,2026-07-17
ZYME,2026-07-07,632,488,144,3310,0.19,0.3,22.5,451.0,2026-07-17,25.0,120.0,2026-07-17
TTI,2026-07-07,459,205,254,1625,0.28,1.24,12.0,142.0,2026-07-17,9.0,206.0,2026-08-21
AIP,2026-07-07,474,179,295,4861,0.1,1.65,45.0,40.0,2026-08-21,35.0,136.0,2026-08-21
ATEX,2026-07-07,920,645,275,8531,0.11,0.43,50.0,272.0,2026-08-21,85.0,101.0,2026-07-17
DCH,2026-07-07,429,355,74,84662,0.01,0.21,6.0,160.0,2026-07-17,5.0,21.0,2026-08-21
NAT,2026-07-07,1013,396,617,33805,0.03,1.56,3.5,100.0,2026-07-17,3.5,500.0,2026-07-17
AESI,2026-07-07,449,229,220,11518,0.04,0.96,15.0,150.0,2026-07-17,12.5,100.0,2026-07-17
TDAY,2026-07-07,421,415,6,4935,0.09,0.01,6.0,200.0,2026-07-17,7.0,2.0,2026-07-17
PZZA,2026-07-07,1408,1159,249,54009,0.03,0.21,40.0,749.0,2026-07-17,32.5,77.0,2026-07-17
LWLG,2026-07-07,1836,1126,710,30278,0.06,0.63,8.0,321.0,2026-07-17,7.0,264.0,2026-07-17
PRCT,2026-07-07,969,835,134,11537,0.08,0.16,30.0,571.0,2026-08-21,25.0,57.0,2026-07-17
AMC,2026-07-07,42993,39078,3915,633382,0.07,0.1,2.0,16479.0,2026-07-17,2.0,1382.0,2026-07-17
RCAT,2026-07-07,8061,5557,2504,110897,0.07,0.45,10.0,1250.0,2026-07-10,9.0,575.0,2026-07-10
WOLF,2026-07-07,4036,2917,1119,52115,0.08,0.38,50.0,618.0,2026-07-10,35.0,126.0,2026-07-10
IE,2026-07-07,573,439,134,14333,0.04,0.31,35.0,400.0,2026-07-17,10.0,80.0,2026-07-17
AVNS,2026-07-07,697,114,583,4485,0.16,5.11,25.0,43.0,2026-10-16,22.5,500.0,2026-07-17
CEVA,2026-07-07,1765,1167,598,12342,0.14,0.51,50.0,514.0,2026-07-17,40.0,215.0,2026-07-17
MCB,2026-07-07,204,81,123,249,0.82,1.52,100.0,61.0,2026-09-18,65.0,61.0,2026-07-17
UPWK,2026-07-07,394,160,234,12585,0.03,1.46,10.0,63.0,2026-07-17,10.0,77.0,2026-07-17
TYRA,2026-07-07,405,381,24,1685,0.24,0.06,30.0,355.0,2026-07-17,25.0,5.0,2026-08-21
WLDN,2026-07-07,609,566,43,1809,0.34,0.08,105.0,249.0,2026-07-17,70.0,5.0,2026-08-21
AHCO,2026-07-07,235,223,12,402,0.58,0.05,10.0,214.0,2026-07-17,10.0,10.0,2026-07-17
PCT,2026-07-07,2875,1424,1451,41066,0.07,1.02,8.0,367.0,2026-07-17,5.0,360.0,2026-07-17
HOG,2026-07-07,525,291,234,3250,0.16,0.8,25.0,53.0,2026-07-17,23.0,50.0,2026-07-17
MAZE,2026-07-07,301,286,15,466,0.65,0.05,30.0,213.0,2026-08-21,35.0,3.0,2026-08-21
ATEC,2026-07-07,380,179,201,6714,0.06,1.12,17.5,51.0,2026-07-17,7.5,80.0,2026-08-21
BRSL,2026-07-07,374,265,109,3155,0.12,0.41,13.0,100.0,2026-08-21,11.0,50.0,2026-07-17
UA,2026-07-07,430,422,8,9760,0.04,0.02,7.5,296.0,2026-07-17,5.0,3.0,2026-07-17
EYPT,2026-07-07,3188,3094,94,10373,0.31,0.03,30.0,2126.0,2026-07-17,15.0,19.0,2026-07-17
GPRE,2026-07-07,368,332,36,2987,0.12,0.11,17.0,271.0,2026-07-17,13.0,12.0,2026-07-17
PGEN,2026-07-07,776,721,55,48865,0.02,0.08,7.5,256.0,2026-08-21,5.5,15.0,2026-07-17
TNDM,2026-07-07,1485,1201,284,4951,0.3,0.24,23.0,707.0,2026-08-21,18.0,100.0,2026-08-21
CGEM,2026-07-07,428,171,257,2992,0.14,1.5,25.0,64.0,2026-07-17,3.0,90.0,2026-07-17
BORR,2026-07-07,250,82,168,20504,0.01,2.05,5.0,17.0,2026-08-21,5.0,103.0,2026-08-21
ENVX,2026-07-07,4704,3059,1645,98057,0.05,0.54,12.0,700.0,2026-07-17,5.0,358.0,2026-07-10
CRK,2026-07-07,1495,1204,291,27158,0.06,0.24,15.0,395.0,2026-07-17,15.0,104.0,2026-07-17
CRVS,2026-07-07,1565,772,793,16305,0.1,1.03,27.0,200.0,2026-07-17,13.0,151.0,2026-07-17
APEI,2026-07-07,871,702,169,3124,0.28,0.24,65.0,420.0,2026-07-17,60.0,102.0,2026-08-21
SVC,2026-07-07,1025,1008,17,5525,0.19,0.02,2.0,900.0,2026-08-21,1.5,10.0,2026-07-17
SBSI,2026-07-07,2086,14,2072,4903,0.43,148.0,35.0,10.0,2026-08-21,17.5,1400.0,2026-08-21
EVLV,2026-07-07,494,235,259,23719,0.02,1.1,8.0,102.0,2026-07-17,6.0,209.0,2026-08-21
CNXC,2026-07-07,640,407,233,16013,0.04,0.57,22.5,192.0,2026-07-17,15.0,75.0,2026-08-21
CYTK,2026-07-08,775,529,246,41531,0.02,0.47,90.0,202.0,2026-07-17,70.0,104.0,2026-07-17
VSAT,2026-07-08,821,422,399,20867,0.04,0.95,75.0,69.0,2026-07-17,85.0,49.0,2026-07-17
BTSG,2026-07-08,295,55,240,2658,0.11,4.36,75.0,13.0,2026-07-17,50.0,180.0,2026-08-21
HUT,2026-07-08,9315,6963,2352,80203,0.12,0.34,190.0,1250.0,2026-07-17,90.0,424.0,2026-07-17
FROG,2026-07-08,3064,2766,298,57555,0.05,0.11,100.0,883.0,2026-07-17,90.0,163.0,2026-07-17
KRYS,2026-07-08,357,181,176,3113,0.11,0.97,310.0,30.0,2026-08-21,250.0,95.0,2026-08-21
AGX,2026-07-08,1614,664,950,7176,0.22,1.43,700.0,92.0,2026-08-21,660.0,91.0,2026-07-17
ALKS,2026-07-08,1861,1120,741,16071,0.12,0.66,40.0,500.0,2026-07-17,35.0,250.0,2026-07-17
CTRE,2026-07-08,290,251,39,1439,0.2,0.16,30.0,200.0,2026-07-17,37.5,21.0,2026-08-21
COMP,2026-07-08,5665,2783,2882,64797,0.09,1.04,8.0,921.0,2026-08-21,11.0,2024.0,2026-07-17
SNEX,2026-07-08,202,129,73,2280,0.09,0.57,145.0,22.0,2026-08-21,150.0,10.0,2026-07-17
PRAX,2026-07-08,402,248,154,2224,0.18,0.62,410.0,93.0,2026-08-21,200.0,35.0,2026-07-17
QBTS,2026-07-08,35840,21497,14343,153295,0.23,0.67,25.0,4873.0,2026-07-17,15.0,4069.0,2026-07-17
MXL,2026-07-08,3130,1678,1452,31779,0.1,0.87,105.0,201.0,2026-07-17,90.0,414.0,2026-07-17
PTGX,2026-07-08,282,212,70,1999,0.14,0.33,120.0,35.0,2026-08-21,80.0,18.0,2026-07-17
RHP,2026-07-08,408,350,58,415,0.98,0.17,125.0,251.0,2026-07-17,80.0,20.0,2026-07-17
HIMS,2026-07-08,45215,28941,16274,231727,0.2,0.56,40.0,3411.0,2026-07-10,17.0,2202.0,2026-07-17
TEX,2026-07-08,606,102,504,10606,0.06,4.94,70.0,21.0,2026-07-17,65.0,400.0,2026-08-21
RIOT,2026-07-08,33618,22864,10754,302011,0.11,0.47,25.0,4777.0,2026-07-17,20.0,2333.0,2026-07-17
TGTX,2026-07-08,8442,7941,501,27791,0.3,0.06,60.0,2632.0,2026-07-17,33.0,124.0,2026-07-17
OSCR,2026-07-08,3883,2665,1218,56620,0.07,0.46,35.0,366.0,2026-07-17,31.0,138.0,2026-07-10
JBTM,2026-07-08,453,35,418,1112,0.41,11.94,150.0,15.0,2026-07-17,130.0,400.0,2026-07-17
EAT,2026-07-08,646,251,395,3415,0.19,1.57,165.0,44.0,2026-07-17,160.0,199.0,2026-07-17
IDCC,2026-07-08,368,103,265,975,0.38,2.57,330.0,20.0,2026-07-17,220.0,101.0,2026-07-17
SLAB,2026-07-08,1726,466,1260,9448,0.18,2.7,220.0,200.0,2026-07-17,185.0,390.0,2026-08-21
NPO,2026-07-08,1634,25,1609,986,1.66,64.36,350.0,5.0,2026-07-17,330.0,700.0,2026-07-17
VLY,2026-07-08,300,291,9,1153,0.26,0.03,16.0,104.0,2026-08-21,11.0,5.0,2026-07-17
KYMR,2026-07-08,401,179,222,1600,0.25,1.24,65.0,26.0,2026-07-17,75.0,100.0,2026-07-17
MRCY,2026-07-08,1267,103,1164,2248,0.56,11.3,62.5,10.0,2026-07-17,80.0,350.0,2026-07-17
FLR,2026-07-08,22278,21220,1058,45362,0.49,0.05,55.0,10417.0,2026-08-21,47.5,680.0,2026-07-17
ORA,2026-07-08,221,92,129,10139,0.02,1.4,115.0,32.0,2026-07-17,115.0,51.0,2026-07-17
PTCT,2026-07-08,275,268,7,285,0.96,0.03,90.0,177.0,2026-07-17,80.0,2.0,2026-07-17
CMC,2026-07-08,222,108,114,2966,0.07,1.06,75.0,34.0,2026-07-17,70.0,52.0,2026-08-21
SSRM,2026-07-08,849,695,154,8601,0.1,0.22,28.0,285.0,2026-08-21,34.0,35.0,2026-07-17
KGS,2026-07-08,5178,201,4977,6081,0.85,24.76,60.0,100.0,2026-07-17,40.0,4301.0,2026-07-17
CIFR,2026-07-08,43638,37847,5791,206416,0.21,0.15,21.0,3067.0,2026-07-10,19.0,1122.0,2026-07-17
CORZ,2026-07-08,74395,18810,55585,355086,0.21,2.96,23.0,4206.0,2026-07-17,21.0,26225.0,2026-07-17
MYRG,2026-07-08,215,143,72,682,0.32,0.5,500.0,20.0,2026-07-17,165.0,6.0,2026-07-17
CVLT,2026-07-08,890,601,289,3790,0.23,0.48,140.0,300.0,2026-07-17,155.0,107.0,2026-07-17
NUVL,2026-07-08,882,552,330,24468,0.04,0.6,120.0,200.0,2026-07-17,85.0,167.0,2026-07-17
VSEC,2026-07-08,452,55,397,1987,0.23,7.22,230.0,3.0,2026-07-17,165.0,202.0,2026-08-21
SM,2026-07-08,4761,3140,1621,41492,0.11,0.52,17.5,2018.0,2026-07-17,35.0,1200.0,2026-07-17
SYRE,2026-07-08,688,368,320,6690,0.1,0.87,115.0,150.0,2026-07-17,75.0,250.0,2026-08-21
COGT,2026-07-08,231,121,110,12723,0.02,0.91,40.0,43.0,2026-07-17,40.0,50.0,2026-08-21
JXN,2026-07-08,1127,74,1053,3806,0.3,14.23,115.0,39.0,2026-07-17,90.0,1001.0,2026-08-21
KLIC,2026-07-08,812,488,324,4234,0.19,0.66,110.0,211.0,2026-07-17,90.0,125.0,2026-07-17
LUMN,2026-07-08,4252,3344,908,96245,0.04,0.27,7.0,677.0,2026-07-10,7.0,201.0,2026-07-17
MATX,2026-07-08,266,244,22,1220,0.22,0.09,200.0,191.0,2026-07-17,200.0,10.0,2026-07-17
TWST,2026-07-08,712,219,493,3471,0.21,2.25,110.0,21.0,2026-07-17,57.5,329.0,2026-07-17
SRRK,2026-07-08,778,107,671,3745,0.21,6.27,60.0,51.0,2026-07-17,40.0,248.0,2026-08-21
AUB,2026-07-08,205,128,77,615,0.33,0.6,45.0,100.0,2026-07-17,25.0,71.0,2026-07-17
RGTI,2026-07-08,50670,27723,22947,278664,0.18,0.83,23.5,3525.0,2026-07-10,12.0,6506.0,2026-07-10
XENE,2026-07-08,457,361,96,11211,0.04,0.27,50.0,180.0,2026-08-21,35.0,70.0,2026-07-17
APGE,2026-07-08,225,83,142,14269,0.02,1.71,70.0,26.0,2026-07-17,65.0,58.0,2026-07-17
TXNM,2026-07-08,382,168,214,476,0.8,1.27,70.0,112.0,2026-08-21,50.0,200.0,2026-07-17
MIRM,2026-07-08,241,211,30,541,0.45,0.14,130.0,111.0,2026-07-17,55.0,6.0,2026-07-17
NOVT,2026-07-08,476,444,32,1161,0.41,0.07,200.0,150.0,2026-08-21,130.0,5.0,2026-08-21
JOBY,2026-07-08,15037,9322,5715,128087,0.12,0.61,8.5,1835.0,2026-07-10,8.0,1511.0,2026-07-10
DFTX,2026-07-08,2063,1149,914,36930,0.06,0.8,19.0,356.0,2026-07-17,40.0,236.0,2026-07-17
ENVA,2026-07-08,269,65,204,1037,0.26,3.14,190.0,22.0,2026-07-17,220.0,53.0,2026-08-21
VSH,2026-07-08,6461,4568,1893,57393,0.11,0.41,50.0,2313.0,2026-08-21,40.0,586.0,2026-07-17
AIR,2026-07-08,615,237,378,1100,0.56,1.59,150.0,100.0,2026-07-17,140.0,302.0,2026-07-17
CRSP,2026-07-08,2671,2129,542,14177,0.19,0.25,60.0,575.0,2026-07-17,57.5,141.0,2026-07-17
LQDA,2026-07-08,5621,1613,4008,68265,0.08,2.48,85.0,573.0,2026-07-17,70.0,1244.0,2026-07-10
GTX,2026-07-08,465,386,79,2661,0.17,0.2,24.0,82.0,2026-08-21,24.0,30.0,2026-08-21
MTH,2026-07-08,294,102,192,1776,0.17,1.88,85.0,21.0,2026-07-17,62.5,50.0,2026-07-17
VSXY,2026-07-08,3540,150,3390,14218,0.25,22.6,110.0,34.0,2026-08-21,85.0,3128.0,2026-07-17
QLYS,2026-07-08,228,95,133,4310,0.05,1.4,170.0,10.0,2026-07-17,160.0,39.0,2026-07-17
UEC,2026-07-08,7233,6140,1093,42133,0.17,0.18,15.0,2265.0,2026-07-17,9.5,217.0,2026-07-17
ACMR,2026-07-08,2840,1927,913,20626,0.14,0.47,135.0,302.0,2026-07-17,93.0,160.0,2026-07-10
ROAD,2026-07-08,286,118,168,2487,0.11,1.42,130.0,21.0,2026-07-17,120.0,45.0,2026-07-17
PSMT,2026-07-08,481,233,248,256,1.88,1.06,155.0,200.0,2026-07-17,145.0,200.0,2026-07-17
CGON,2026-07-08,1348,936,412,55466,0.02,0.44,70.0,343.0,2026-07-17,40.0,142.0,2026-07-17
AX,2026-07-08,296,144,152,1744,0.17,1.06,95.0,36.0,2026-07-17,40.0,60.0,2026-07-17
SBRA,2026-07-08,625,596,29,5196,0.12,0.05,20.0,503.0,2026-07-17,17.5,12.0,2026-07-17
LMND,2026-07-08,8610,3840,4770,23325,0.37,1.24,80.0,867.0,2026-07-10,73.0,1028.0,2026-07-10
TVTX,2026-07-08,652,465,187,3323,0.2,0.4,50.0,254.0,2026-07-17,50.0,100.0,2026-07-17
RIG,2026-07-08,7384,6630,754,43504,0.17,0.11,7.5,1975.0,2026-07-10,1.5,167.0,2026-07-10
YOU,2026-07-08,1698,1093,605,18476,0.09,0.55,49.8,410.0,2026-08-21,49.8,137.0,2026-08-21
BOOT,2026-07-08,514,341,173,6576,0.08,0.51,160.0,146.0,2026-07-17,160.0,55.0,2026-07-17
VRNS,2026-07-08,13396,270,13126,20066,0.67,48.61,45.0,138.0,2026-07-17,45.0,4729.0,2026-07-17
NE,2026-07-08,229,101,128,4724,0.05,1.27,40.0,40.0,2026-08-21,37.5,57.0,2026-08-21
GLNG,2026-07-08,356,144,212,7989,0.04,1.47,60.0,52.0,2026-08-21,48.0,73.0,2026-08-21
TTAN,2026-07-08,1203,891,312,9807,0.12,0.35,85.0,138.0,2026-07-17,75.0,73.0,2026-07-17
INDV,2026-07-08,257,200,57,20821,0.01,0.28,40.0,62.0,2026-07-17,35.0,10.0,2026-07-17
UCTT,2026-07-08,971,701,270,7872,0.12,0.39,90.0,241.0,2026-07-17,80.0,29.0,2026-07-17
MARA,2026-07-08,95583,63815,31768,395203,0.24,0.5,13.0,7769.0,2026-07-10,11.5,5845.0,2026-07-17
SKY,2026-07-08,285,206,79,16748,0.02,0.38,100.0,95.0,2026-08-21,85.0,15.0,2026-07-17
EBC,2026-07-08,1715,1702,13,1040,1.65,0.01,5.0,700.0,2026-07-17,20.0,5.0,2026-07-17
PBF,2026-07-08,408,104,304,11600,0.04,2.92,40.0,15.0,2026-08-21,36.0,48.0,2026-07-17
SR,2026-07-08,2338,2332,6,74,31.59,0.0,85.0,2328.0,2026-07-17,75.0,2.0,2026-07-17
ZETA,2026-07-08,21283,15892,5391,98190,0.22,0.34,23.0,2065.0,2026-07-10,23.0,1254.0,2026-07-17
CNX,2026-07-08,910,693,217,4406,0.21,0.31,33.0,315.0,2026-07-17,31.0,67.0,2026-08-21
SYNA,2026-07-08,473,169,304,3919,0.12,1.8,95.0,40.0,2026-07-17,40.0,75.0,2026-07-17
OPEN,2026-07-08,49171,40720,8451,176391,0.28,0.21,5.0,11214.0,2026-07-10,5.0,3976.0,2026-07-10
SPHR,2026-07-08,639,300,339,6492,0.1,1.13,155.0,83.0,2026-07-17,150.0,82.0,2026-07-17
ACLS,2026-07-08,1162,843,319,9053,0.13,0.38,260.0,359.0,2026-08-21,230.0,51.0,2026-08-21
FLG,2026-07-08,1818,1386,432,89845,0.02,0.31,15.0,1100.0,2026-08-21,15.0,140.0,2026-08-21
HRI,2026-07-08,414,95,319,1036,0.4,3.36,160.0,13.0,2026-08-21,145.0,300.0,2026-07-17
RXO,2026-07-08,284,196,88,15570,0.02,0.45,20.0,100.0,2026-08-21,7.5,15.0,2026-08-21
DNTH,2026-07-08,490,393,97,4248,0.12,0.25,75.0,250.0,2026-08-21,85.0,60.0,2026-08-21
TENB,2026-07-08,2887,664,2223,14204,0.2,3.35,27.0,106.0,2026-07-17,40.0,1536.0,2026-07-17
DIOD,2026-07-08,322,141,181,1506,0.21,1.28,115.0,50.0,2026-08-21,120.0,43.0,2026-07-17
MUR,2026-07-08,228,98,130,7869,0.03,1.33,35.0,20.0,2026-08-21,35.0,41.0,2026-07-17
BMI,2026-07-08,315,109,206,1419,0.22,1.89,150.0,16.0,2026-07-17,135.0,133.0,2026-07-17
CRNX,2026-07-08,11176,3468,7708,1502,7.44,2.22,85.0,2237.0,2026-07-17,80.0,3396.0,2026-07-17
CDP,2026-07-08,1304,1303,1,2614,0.5,0.0,35.0,1290.0,2026-07-17,30.0,1.0,2026-07-17
ORKA,2026-07-08,298,199,99,2121,0.14,0.5,25.0,40.0,2026-08-21,65.0,20.0,2026-07-17
CECO,2026-07-08,392,83,309,4080,0.1,3.72,90.0,11.0,2026-08-21,75.0,219.0,2026-07-17
VAL,2026-07-08,2521,2280,241,16524,0.15,0.11,75.0,2003.0,2026-08-21,45.0,58.0,2026-08-21
REZI,2026-07-08,215,64,151,4436,0.05,2.36,15.0,10.0,2026-08-21,35.0,128.0,2026-08-21
MIR,2026-07-08,921,601,320,59473,0.02,0.53,17.5,408.0,2026-07-17,15.0,215.0,2026-07-17
BCO,2026-07-08,539,311,228,1892,0.28,0.73,105.0,96.0,2026-07-17,90.0,87.0,2026-07-17
XMTR,2026-07-08,276,221,55,4570,0.06,0.25,90.0,59.0,2026-08-21,135.0,10.0,2026-07-17
IRTC,2026-07-08,216,77,139,770,0.28,1.81,125.0,13.0,2026-08-21,85.0,35.0,2026-07-17
IRT,2026-07-08,695,660,35,710,0.98,0.05,2.5,480.0,2026-07-17,15.0,30.0,2026-07-17
TNGX,2026-07-08,824,329,495,5790,0.14,1.5,29.0,59.0,2026-07-17,28.0,209.0,2026-07-17
BGC,2026-07-08,306,194,112,4479,0.07,0.58,14.0,100.0,2026-08-21,12.0,75.0,2026-07-17
CELC,2026-07-08,3729,2209,1520,12736,0.29,0.69,90.0,559.0,2026-08-21,110.0,689.0,2026-07-17
PI,2026-07-08,360,241,119,2931,0.12,0.49,85.0,32.0,2026-07-17,70.0,25.0,2026-07-17
ANF,2026-07-08,3563,1386,2177,9627,0.37,1.57,84.0,339.0,2026-07-10,84.0,1097.0,2026-07-10
URBN,2026-07-08,701,392,309,1540,0.46,0.79,87.0,150.0,2026-07-17,50.0,102.0,2026-07-17
MHO,2026-07-08,324,283,41,1897,0.17,0.14,130.0,150.0,2026-07-17,135.0,10.0,2026-07-17
POWI,2026-07-08,303,125,178,7852,0.04,1.42,90.0,32.0,2026-07-17,35.0,40.0,2026-07-17
ABG,2026-07-08,334,231,103,5360,0.06,0.45,220.0,100.0,2026-07-17,170.0,80.0,2026-07-17
CNR,2026-07-08,1208,394,814,5847,0.21,2.07,85.0,236.0,2026-07-17,75.0,387.0,2026-08-21
CSTM,2026-07-08,1034,702,332,9735,0.11,0.47,30.0,492.0,2026-07-17,30.0,158.0,2026-08-21
MC,2026-07-08,803,783,20,3487,0.23,0.03,75.0,238.0,2026-07-17,45.0,6.0,2026-07-17
SKYW,2026-07-08,1802,86,1716,1053,1.71,19.95,105.0,20.0,2026-08-21,115.0,800.0,2026-07-17
DAVE,2026-07-08,777,303,474,5346,0.15,1.56,260.0,78.0,2026-07-17,420.0,92.0,2026-07-17
SLG,2026-07-08,1104,446,658,12378,0.09,1.48,42.5,177.0,2026-07-17,45.0,366.0,2026-08-21
OII,2026-07-08,588,553,35,5228,0.11,0.06,40.0,483.0,2026-07-17,40.0,11.0,2026-07-17
GEO,2026-07-08,9042,8716,326,91093,0.1,0.04,30.0,3864.0,2026-07-17,24.0,57.0,2026-08-21
EXTR,2026-07-08,465,338,127,2713,0.17,0.38,28.0,140.0,2026-08-21,29.0,42.0,2026-07-17
DNLI,2026-07-08,391,288,103,5065,0.08,0.36,2.5,149.0,2026-07-17,5.0,80.0,2026-07-17
ITRI,2026-07-08,352,210,142,5685,0.06,0.68,145.0,100.0,2026-07-17,75.0,58.0,2026-07-17
LBRT,2026-07-08,926,863,63,7024,0.13,0.07,30.0,613.0,2026-08-21,18.0,10.0,2026-08-21
BOX,2026-07-08,1148,938,210,4172,0.28,0.22,32.0,588.0,2026-08-21,25.0,100.0,2026-08-21
LRN,2026-07-08,900,813,87,4911,0.18,0.11,100.0,572.0,2026-07-17,90.0,31.0,2026-07-17
ICUI,2026-07-08,263,167,96,593,0.44,0.57,145.0,110.0,2026-07-17,115.0,42.0,2026-08-21
BKD,2026-07-08,2057,376,1681,32562,0.06,4.47,16.0,300.0,2026-07-17,16.0,1520.0,2026-07-17
AAP,2026-07-08,1340,671,669,76972,0.02,1.0,63.0,185.0,2026-07-17,67.5,150.0,2026-07-17
CRC,2026-07-08,361,204,157,960,0.38,0.77,60.0,51.0,2026-07-17,55.0,102.0,2026-07-17
ERAS,2026-07-08,3611,2850,761,30096,0.12,0.27,10.0,1000.0,2026-07-17,12.5,400.0,2026-08-21
RELY,2026-07-08,3086,2110,976,11252,0.27,0.46,25.0,777.0,2026-07-17,22.5,800.0,2026-07-17
KBH,2026-07-08,441,119,322,15651,0.03,2.71,60.0,29.0,2026-07-17,60.0,278.0,2026-07-17
CAKE,2026-07-08,1584,188,1396,7957,0.2,7.43,85.0,24.0,2026-07-17,82.5,1000.0,2026-07-17
USAR,2026-07-08,16389,11537,4852,88687,0.18,0.42,22.0,1206.0,2026-07-17,17.5,800.0,2026-07-10
CALM,2026-07-08,730,493,237,15736,0.05,0.48,90.0,148.0,2026-08-21,75.0,41.0,2026-07-17
PLUG,2026-07-08,12873,10806,2067,97250,0.13,0.19,3.0,3808.0,2026-07-10,2.5,975.0,2026-07-10
IBRX,2026-07-08,7799,6280,1519,131960,0.06,0.24,22.0,2317.0,2026-07-17,7.5,640.0,2026-07-17
TDS,2026-07-08,968,959,9,6715,0.14,0.01,45.0,507.0,2026-07-17,35.0,2.0,2026-07-17
ONDS,2026-07-08,59163,38137,21026,460885,0.13,0.55,8.0,12283.0,2026-07-10,11.5,3821.0,2026-07-17
HIW,2026-07-08,501,336,165,3426,0.15,0.49,30.0,172.0,2026-08-21,25.0,146.0,2026-07-17
WHD,2026-07-08,393,78,315,2845,0.14,4.04,55.0,44.0,2026-08-21,35.0,100.0,2026-08-21
SEI,2026-07-08,2505,756,1749,22584,0.11,2.31,67.5,374.0,2026-07-17,65.0,383.0,2026-07-17
HAE,2026-07-08,1069,61,1008,3227,0.33,16.52,90.0,15.0,2026-07-17,70.0,1001.0,2026-07-17
LASR,2026-07-08,763,607,156,3380,0.23,0.26,60.0,250.0,2026-07-10,65.0,24.0,2026-07-17
HNGE,2026-07-08,3961,2077,1884,17577,0.23,0.91,90.0,1924.0,2026-08-21,90.0,910.0,2026-08-21
AXTI,2026-07-08,10801,6234,4567,70343,0.15,0.73,70.0,638.0,2026-07-10,40.0,1275.0,2026-07-10
UUUU,2026-07-08,10751,7385,3366,96174,0.11,0.46,14.0,777.0,2026-07-10,12.0,944.0,2026-07-10
TPC,2026-07-08,1211,1109,102,2625,0.46,0.09,70.0,1011.0,2026-07-17,100.0,27.0,2026-07-17
INSW,2026-07-08,1598,1560,38,6544,0.24,0.02,90.0,1011.0,2026-08-21,90.0,9.0,2026-07-17
VECO,2026-07-08,691,503,188,10150,0.07,0.37,85.0,162.0,2026-08-21,50.0,38.0,2026-08-21
TDW,2026-07-08,252,134,118,3409,0.07,0.88,35.0,50.0,2026-07-17,30.0,25.0,2026-07-17
BEAM,2026-07-08,2887,2620,267,9843,0.29,0.1,40.0,958.0,2026-07-17,27.0,48.0,2026-07-17
ICHR,2026-07-08,777,382,395,5438,0.14,1.03,80.0,57.0,2026-07-17,45.0,31.0,2026-08-21
STNG,2026-07-08,1777,1374,403,17483,0.1,0.29,77.5,1001.0,2026-08-21,77.5,95.0,2026-07-17
GPI,2026-07-08,1211,80,1131,1558,0.78,14.14,430.0,20.0,2026-08-21,280.0,374.0,2026-08-21
ACHR,2026-07-08,21028,15981,5047,215570,0.1,0.32,5.0,7090.0,2026-07-10,5.0,3066.0,2026-07-10
AMBA,2026-07-08,4683,3369,1314,13131,0.36,0.39,57.0,1211.0,2026-07-17,49.5,150.0,2026-07-10
ACAD,2026-07-08,257,175,82,3284,0.08,0.47,29.0,56.0,2026-07-17,19.0,33.0,2026-07-17
CNK,2026-07-08,1095,205,890,8719,0.13,4.34,32.0,42.0,2026-07-17,30.0,626.0,2026-07-17
BKU,2026-07-08,245,229,16,38153,0.01,0.07,55.0,200.0,2026-07-17,40.0,4.0,2026-07-17
SFNC,2026-07-08,332,327,5,241,1.38,0.02,2.5,307.0,2026-09-18,17.5,5.0,2026-09-18
SIG,2026-07-08,1132,814,318,11629,0.1,0.39,84.0,406.0,2026-07-10,75.0,92.0,2026-07-10
IMVT,2026-07-08,992,574,418,10434,0.1,0.73,28.0,300.0,2026-07-17,30.0,85.0,2026-07-17
TDC,2026-07-08,780,654,126,4776,0.16,0.19,42.5,300.0,2026-08-21,30.0,24.0,2026-07-17
FUL,2026-07-08,272,147,125,665,0.41,0.85,65.0,120.0,2026-07-17,30.0,36.0,2026-08-21
NATL,2026-07-08,351,26,325,223,1.57,12.5,45.0,16.0,2026-07-17,30.0,269.0,2026-07-17
DK,2026-07-08,492,383,109,2719,0.18,0.28,55.0,77.0,2026-08-21,40.0,27.0,2026-07-17
RARE,2026-07-08,3057,1468,1589,7605,0.4,1.08,35.0,863.0,2026-07-17,17.5,750.0,2026-08-21
ADEA,2026-07-08,466,315,151,14213,0.03,0.48,35.0,77.0,2026-08-21,25.0,47.0,2026-07-17
COCO,2026-07-08,593,447,146,4126,0.14,0.33,70.0,128.0,2026-08-21,85.0,101.0,2026-07-17
CWK,2026-07-08,274,197,77,1272,0.22,0.39,15.0,80.0,2026-08-21,12.5,54.0,2026-08-21
SMR,2026-07-08,29447,18560,10887,162578,0.18,0.59,9.0,2787.0,2026-07-10,8.5,1793.0,2026-07-10
RSI,2026-07-08,376,290,86,33582,0.01,0.3,17.5,172.0,2026-07-17,30.0,44.0,2026-08-21
DYN,2026-07-08,596,341,255,826,0.72,0.75,35.0,250.0,2026-07-17,5.0,80.0,2026-07-17
CLSK,2026-07-08,21888,17189,4699,121261,0.18,0.27,14.0,2538.0,2026-07-10,12.0,668.0,2026-07-10
IDYA,2026-07-08,354,170,184,7146,0.05,1.08,37.5,82.0,2026-07-17,22.5,88.0,2026-07-17
KN,2026-07-08,553,137,416,3665,0.15,3.04,45.0,116.0,2026-08-21,35.0,400.0,2026-07-17
MIAX,2026-07-08,700,582,118,5629,0.12,0.2,45.0,385.0,2026-07-17,50.0,67.0,2026-07-17
OUST,2026-07-08,12041,8822,3219,38682,0.31,0.36,50.0,2771.0,2026-07-17,36.0,600.0,2026-07-17
ASH,2026-07-08,1218,1183,35,4599,0.26,0.03,70.0,1130.0,2026-07-17,55.0,14.0,2026-07-17
ASO,2026-07-08,1397,1118,279,10171,0.14,0.25,60.0,350.0,2026-07-17,45.0,85.0,2026-07-17
BHE,2026-07-08,423,397,26,1083,0.39,0.07,90.0,67.0,2026-07-17,95.0,10.0,2026-07-17
PENG,2026-07-08,20231,11577,8654,26890,0.75,0.75,75.0,1950.0,2026-07-17,35.0,1646.0,2026-07-17
HP,2026-07-08,357,235,122,2503,0.14,0.52,30.0,50.0,2026-07-17,30.0,74.0,2026-08-21
WRBY,2026-07-08,625,195,430,7450,0.08,2.21,25.0,44.0,2026-07-17,27.0,136.0,2026-07-17
CENX,2026-07-08,1293,630,663,13098,0.1,1.05,50.0,411.0,2026-07-17,40.0,340.0,2026-07-17
RLAY,2026-07-08,999,114,885,19870,0.05,7.76,22.0,30.0,2026-08-21,12.0,601.0,2026-07-17
LEU,2026-07-08,1321,795,526,17619,0.07,0.66,200.0,114.0,2026-07-17,155.0,78.0,2026-07-17
STEP,2026-07-08,346,170,176,3656,0.09,1.04,50.0,82.0,2026-08-21,35.0,53.0,2026-07-17
CLDX,2026-07-08,1327,394,933,2807,0.47,2.37,23.0,200.0,2026-08-21,33.0,860.0,2026-07-17
PTEN,2026-07-08,659,547,112,99817,0.01,0.2,15.0,120.0,2026-08-21,8.0,36.0,2026-07-17
CXW,2026-07-08,17429,15245,2184,93801,0.19,0.14,30.0,6798.0,2026-07-17,20.0,1200.0,2026-07-17
RUN,2026-07-08,11414,6454,4960,102233,0.11,0.77,12.5,1053.0,2026-07-10,11.5,714.0,2026-07-10
SEZL,2026-07-08,1251,817,434,30249,0.04,0.53,185.0,153.0,2026-07-17,190.0,118.0,2026-08-21
ACHC,2026-07-08,272,255,17,5144,0.05,0.07,35.0,105.0,2026-07-17,25.0,5.0,2026-07-17
UPST,2026-07-08,9272,6388,2884,64318,0.14,0.45,35.0,824.0,2026-07-17,35.0,685.0,2026-07-10
LION,2026-07-08,1515,672,843,36475,0.04,1.25,15.0,224.0,2026-08-21,17.0,588.0,2026-08-21
SHOO,2026-07-08,2772,1448,1324,24575,0.11,0.91,40.0,1443.0,2026-07-17,35.0,1312.0,2026-07-17
ARQT,2026-07-08,392,367,25,635,0.62,0.07,27.5,202.0,2026-07-17,27.5,19.0,2026-07-17
AGYS,2026-07-08,209,167,42,772,0.27,0.25,100.0,53.0,2026-07-17,60.0,10.0,2026-07-17
PFS,2026-07-08,458,452,6,216,2.12,0.01,5.0,201.0,2026-07-17,20.0,5.0,2026-07-17
MGNI,2026-07-08,1243,1004,239,26043,0.05,0.24,18.0,509.0,2026-07-17,14.0,50.0,2026-07-17
PARR,2026-07-08,341,125,216,2380,0.14,1.73,80.0,30.0,2026-07-17,75.0,96.0,2026-07-17
CC,2026-07-08,1059,586,473,33115,0.03,0.81,22.5,193.0,2026-07-17,12.0,150.0,2026-07-17
STUB,2026-07-08,5545,5385,160,46865,0.12,0.03,10.5,2180.0,2026-07-17,12.5,20.0,2026-07-10
ALGT,2026-07-08,213,140,73,4491,0.05,0.52,100.0,52.0,2026-07-17,100.0,26.0,2026-07-17
GRAL,2026-07-08,525,346,179,7848,0.07,0.52,70.0,108.0,2026-07-17,75.0,50.0,2026-07-17
SLS,2026-07-08,8777,6936,1841,182510,0.05,0.27,3.0,700.0,2026-07-17,6.5,281.0,2026-07-17
BANC,2026-07-08,3131,1777,1354,16352,0.19,0.76,2.5,801.0,2026-07-17,20.0,1250.0,2026-07-17
PENN,2026-07-08,1243,360,883,26243,0.05,2.45,21.0,61.0,2026-08-21,18.0,402.0,2026-07-17
EWTX,2026-07-08,3799,2282,1517,8697,0.44,0.66,25.0,2125.0,2026-08-21,30.0,1031.0,2026-08-21
BWIN,2026-07-08,210,164,46,1595,0.13,0.28,22.5,91.0,2026-07-17,20.0,20.0,2026-07-17
UNFI,2026-07-08,499,403,96,3892,0.13,0.24,70.0,236.0,2026-07-17,20.0,20.0,2026-08-21
VAC,2026-07-08,392,304,88,2373,0.17,0.29,80.0,50.0,2026-07-17,55.0,32.0,2026-07-17
BTU,2026-07-08,4050,3109,941,27972,0.14,0.3,23.0,1068.0,2026-07-10,20.0,428.0,2026-07-17
BXMT,2026-07-08,2695,348,2347,7752,0.35,6.74,19.0,100.0,2026-08-21,19.0,1113.0,2026-07-17
TARS,2026-07-08,399,276,123,13458,0.03,0.45,85.0,84.0,2026-07-17,70.0,73.0,2026-07-17
CARG,2026-07-08,263,170,93,1017,0.26,0.55,28.0,50.0,2026-07-17,25.0,25.0,2026-07-17
FSLY,2026-07-08,2745,2313,432,25283,0.11,0.19,22.5,524.0,2026-07-17,16.0,57.0,2026-07-17
DAN,2026-07-08,251,189,62,1703,0.15,0.33,40.0,70.0,2026-07-17,31.0,10.0,2026-08-21
COHU,2026-07-08,1126,628,498,4369,0.26,0.79,65.0,267.0,2026-08-21,60.0,238.0,2026-07-17
VC,2026-07-08,222,206,16,1044,0.21,0.08,100.0,177.0,2026-07-17,80.0,7.0,2026-07-17
PATK,2026-07-08,342,271,71,728,0.47,0.26,105.0,239.0,2026-08-21,75.0,16.0,2026-07-17
TRN,2026-07-08,2546,73,2473,13418,0.19,33.88,27.0,20.0,2026-07-17,27.0,1750.0,2026-08-21
HLIO,2026-07-08,563,50,513,1266,0.44,10.26,95.0,24.0,2026-07-17,85.0,510.0,2026-07-17
WK,2026-07-08,404,326,78,1180,0.34,0.24,65.0,101.0,2026-07-17,45.0,12.0,2026-07-17
PK,2026-07-08,514,502,12,9715,0.05,0.02,2.5,359.0,2026-08-21,5.0,2.0,2026-07-17
HUBG,2026-07-08,2478,2429,49,2782,0.89,0.02,50.0,1900.0,2026-07-17,40.0,44.0,2026-07-17
NAVN,2026-07-08,494,317,177,10417,0.05,0.56,25.0,101.0,2026-07-17,20.0,51.0,2026-07-17
KEEL,2026-07-08,22621,13129,9492,143968,0.16,0.72,5.0,1998.0,2026-07-10,3.5,3024.0,2026-07-17
RH,2026-07-08,1600,744,856,13566,0.12,1.15,162.5,115.0,2026-07-10,157.5,249.0,2026-07-10
ATEN,2026-07-08,481,133,348,6532,0.07,2.62,40.0,40.0,2026-07-17,35.0,316.0,2026-07-17
VISN,2026-07-08,1892,1208,684,48099,0.04,0.57,11.0,200.0,2026-08-21,15.0,228.0,2026-08-21
VERA,2026-07-08,22070,14138,7932,15063,1.47,0.56,45.0,5678.0,2026-08-21,40.0,5101.0,2026-08-21
WERN,2026-07-08,409,321,88,1005,0.41,0.27,40.0,300.0,2026-07-17,40.0,48.0,2026-07-17
NVTS,2026-07-08,19649,10198,9451,115757,0.17,0.93,16.0,1335.0,2026-07-10,12.0,1347.0,2026-07-10
BATRK,2026-07-08,713,575,138,1794,0.4,0.24,22.5,505.0,2026-08-21,50.0,100.0,2026-08-21
SOUN,2026-07-08,27065,20448,6617,356939,0.08,0.32,7.0,6974.0,2026-07-10,6.5,2514.0,2026-07-10
CALY,2026-07-08,314,147,167,16260,0.02,1.14,15.0,56.0,2026-07-17,12.5,50.0,2026-07-17
AEO,2026-07-08,1062,582,480,12443,0.09,0.82,17.0,91.0,2026-07-10,15.0,95.0,2026-07-17
TRMK,2026-07-08,210,145,65,198,1.06,0.45,25.0,138.0,2026-08-21,22.5,61.0,2026-08-21
STNE,2026-07-08,4953,459,4494,143213,0.03,9.79,18.0,103.0,2026-07-17,18.47,4000.0,2026-07-17
CLMT,2026-07-08,1953,1388,565,31516,0.06,0.41,38.0,639.0,2026-07-17,13.0,112.0,2026-08-21
DHT,2026-07-08,1836,1643,193,53229,0.03,0.12,17.0,501.0,2026-08-21,17.0,47.0,2026-07-17
LUNR,2026-07-08,13065,7581,5484,104214,0.13,0.72,18.0,1471.0,2026-07-10,17.5,1518.0,2026-07-10
PFSI,2026-07-08,2638,2298,340,20009,0.13,0.15,125.0,1000.0,2026-08-21,115.0,200.0,2026-08-21
IMNM,2026-07-08,519,423,96,3304,0.16,0.23,25.0,134.0,2026-07-17,22.0,32.0,2026-07-17
NWL,2026-07-08,299,216,83,27224,0.01,0.38,5.0,143.0,2026-07-17,1.0,17.0,2026-07-17
LCII,2026-07-08,903,150,753,1868,0.48,5.02,100.0,87.0,2026-07-17,70.0,650.0,2026-07-17
CRGY,2026-07-08,1439,1247,192,17607,0.08,0.15,10.0,1045.0,2026-08-21,12.5,68.0,2026-08-21
NKTR,2026-07-08,6154,4887,1267,27421,0.22,0.26,80.0,1113.0,2026-08-21,35.0,522.0,2026-07-17
CTRI,2026-07-08,211,143,68,6487,0.03,0.48,27.5,30.0,2026-07-17,30.0,33.0,2026-07-17
BULL,2026-07-08,16805,13732,3073,217237,0.08,0.22,8.0,3127.0,2026-07-17,7.0,1834.0,2026-07-10
AXGN,2026-07-08,1600,1576,24,792,2.02,0.02,50.0,1507.0,2026-08-21,15.0,5.0,2026-07-17
ESTA,2026-07-08,985,635,350,5154,0.19,0.55,90.0,300.0,2026-07-17,75.0,100.0,2026-08-21
NTLA,2026-07-08,1739,1016,723,33856,0.05,0.71,18.0,202.0,2026-08-21,16.0,450.0,2026-07-17
SGHC,2026-07-08,2049,1586,463,123754,0.02,0.29,10.75,1005.0,2026-07-17,6.75,200.0,2026-07-17
RAMP,2026-07-08,550,497,53,3435,0.16,0.11,40.0,400.0,2026-07-17,17.5,20.0,2026-08-21
TMDX,2026-07-08,1022,438,584,24280,0.04,1.33,70.0,113.0,2026-07-17,50.0,203.0,2026-07-17
XRAY,2026-07-08,602,129,473,9296,0.06,3.67,12.5,58.0,2026-07-17,10.0,200.0,2026-08-21
PTON,2026-07-08,3028,1660,1368,254016,0.01,0.82,6.5,470.0,2026-07-10,5.5,306.0,2026-07-17
DNOW,2026-07-08,482,71,411,46940,0.01,5.79,14.0,16.0,2026-07-17,12.5,369.0,2026-08-21
UTI,2026-07-08,459,332,127,8102,0.06,0.38,45.0,170.0,2026-07-17,17.5,20.0,2026-07-17
NRIX,2026-07-08,561,376,185,2925,0.19,0.49,30.0,156.0,2026-08-21,22.0,80.0,2026-07-17
APAM,2026-07-08,254,238,16,957,0.27,0.07,35.0,150.0,2026-08-21,30.0,6.0,2026-08-21
ATRO,2026-07-08,539,466,73,917,0.59,0.16,75.0,411.0,2026-07-17,75.0,50.0,2026-07-17
FLY,2026-07-08,2756,1433,1323,53827,0.05,0.92,30.0,248.0,2026-07-10,23.0,121.0,2026-07-17
CALX,2026-07-08,204,162,42,1438,0.14,0.26,30.0,70.0,2026-07-17,45.0,10.0,2026-07-17
BCRX,2026-07-08,4772,4302,470,34368,0.14,0.11,12.0,2508.0,2026-07-17,10.0,215.0,2026-07-17
CPRI,2026-07-08,2885,2753,132,31323,0.09,0.05,20.0,1613.0,2026-08-21,20.0,60.0,2026-08-21
BRZE,2026-07-08,1509,1347,162,16323,0.09,0.12,25.0,591.0,2026-07-17,22.5,61.0,2026-07-17
ASTH,2026-07-08,647,515,132,7779,0.08,0.26,30.0,200.0,2026-08-21,20.0,55.0,2026-08-21
NG,2026-07-08,1435,1274,161,13933,0.1,0.13,8.0,865.0,2026-08-21,5.0,100.0,2026-07-17
SHAK,2026-07-08,1958,1384,574,9461,0.21,0.41,57.0,279.0,2026-07-17,54.0,140.0,2026-07-17
FLYW,2026-07-08,391,323,68,4288,0.09,0.21,20.0,165.0,2026-07-17,17.5,41.0,2026-07-17
SPSC,2026-07-08,1079,1074,5,2183,0.49,0.0,135.0,1000.0,2026-07-17,50.0,1.0,2026-07-17
AGIO,2026-07-08,1210,704,506,4699,0.26,0.72,45.0,177.0,2026-08-21,40.0,288.0,2026-07-17
RDW,2026-07-08,14796,8033,6763,137762,0.11,0.84,12.0,1977.0,2026-07-17,9.0,2969.0,2026-07-17
CNS,2026-07-08,2876,2874,2,2537,1.13,0.0,80.0,1604.0,2026-07-17,65.0,1.0,2026-07-17
INOD,2026-07-08,1335,840,495,37316,0.04,0.59,74.0,192.0,2026-07-10,74.0,100.0,2026-07-10
FRSH,2026-07-08,1238,1122,116,20795,0.06,0.1,10.0,524.0,2026-07-17,7.5,50.0,2026-08-21
VVX,2026-07-08,367,331,36,2509,0.15,0.11,85.0,274.0,2026-07-17,65.0,10.0,2026-07-17
CLOV,2026-07-08,9642,4287,5355,41102,0.23,1.25,5.0,989.0,2026-07-17,5.0,3824.0,2026-07-10
LFST,2026-07-08,418,360,58,9863,0.04,0.16,11.0,120.0,2026-08-21,6.0,15.0,2026-07-17
ARR,2026-07-08,388,188,200,11566,0.03,1.06,17.0,55.0,2026-08-21,17.0,115.0,2026-07-17
BHVN,2026-07-08,1299,975,324,27171,0.05,0.33,13.0,320.0,2026-08-21,15.0,220.0,2026-07-17
ALMS,2026-07-08,652,435,217,1967,0.33,0.5,30.0,161.0,2026-07-17,10.0,83.0,2026-07-17
AEHR,2026-07-08,4499,2795,1704,21278,0.21,0.61,170.0,249.0,2026-07-17,50.0,218.0,2026-07-17
FCF,2026-07-08,500,496,4,184,2.72,0.01,2.5,458.0,2026-10-16,15.0,4.0,2026-07-17
ADMA,2026-07-08,591,451,140,20385,0.03,0.31,11.0,84.0,2026-07-17,8.0,21.0,2026-07-17
PACS,2026-07-08,4740,4607,133,2491,1.9,0.03,50.0,4509.0,2026-08-21,40.0,65.0,2026-08-21
JBLU,2026-07-08,8073,2049,6024,46883,0.17,2.94,6.0,565.0,2026-07-10,5.5,2489.0,2026-07-10
WTTR,2026-07-08,461,400,61,2311,0.2,0.15,22.5,327.0,2026-07-17,20.0,20.0,2026-08-21
PGNY,2026-07-08,373,164,209,2126,0.18,1.27,40.0,84.0,2026-08-21,10.0,85.0,2026-08-21
FUN,2026-07-08,1930,1470,460,14946,0.13,0.31,20.0,1112.0,2026-07-17,20.0,361.0,2026-07-17
MBC,2026-07-08,995,24,971,4595,0.22,40.46,7.5,10.0,2026-07-17,10.0,950.0,2026-07-17
KSS,2026-07-08,6337,3594,2743,25079,0.25,0.76,30.0,700.0,2026-07-10,7.0,1022.0,2026-07-17
SRPT,2026-07-08,919,601,318,7566,0.12,0.53,20.0,79.0,2026-07-10,23.0,62.0,2026-07-10
NEO,2026-07-08,472,166,306,3627,0.13,1.84,15.0,43.0,2026-08-21,10.0,200.0,2026-08-21
PDFS,2026-07-08,333,203,130,1967,0.17,0.64,50.0,70.0,2026-07-17,55.0,50.0,2026-07-17
OCUL,2026-07-08,1033,879,154,15732,0.07,0.18,11.0,220.0,2026-07-10,4.5,26.0,2026-07-10
SNDX,2026-07-08,497,376,121,5404,0.09,0.32,25.0,82.0,2026-07-17,16.0,21.0,2026-07-17
AVPT,2026-07-08,8122,8027,95,2427,3.35,0.01,13.0,7679.0,2026-07-17,7.0,50.0,2026-07-17
LTC,2026-07-08,304,244,60,1885,0.16,0.25,45.0,190.0,2026-08-21,40.0,28.0,2026-07-17
RXRX,2026-07-08,3154,2836,318,49949,0.06,0.11,3.5,758.0,2026-07-10,3.5,96.0,2026-07-10
TRVI,2026-07-08,1912,826,1086,14391,0.13,1.31,23.0,476.0,2026-07-17,11.0,750.0,2026-07-17
ECPG,2026-07-08,271,11,260,420,0.65,23.64,82.5,5.0,2026-07-17,92.5,252.0,2026-07-17
AGM,2026-07-08,303,261,42,497,0.61,0.16,185.0,200.0,2026-08-21,180.0,16.0,2026-08-21
NOG,2026-07-08,4261,3676,585,23105,0.18,0.16,18.0,2521.0,2026-08-21,18.0,171.0,2026-08-21
SPNT,2026-07-08,240,239,1,1065,0.23,0.0,25.0,108.0,2026-07-17,20.0,1.0,2026-10-16
QUBT,2026-07-08,16744,10479,6265,151660,0.11,0.6,10.0,2137.0,2026-07-10,8.5,2554.0,2026-07-10
PAYO,2026-07-08,793,772,21,11343,0.07,0.03,8.0,500.0,2026-07-17,6.0,10.0,2026-07-17
IMAX,2026-07-08,3874,3189,685,15300,0.25,0.21,45.0,1050.0,2026-07-17,36.0,250.0,2026-08-21
NVCR,2026-07-08,654,604,50,5550,0.12,0.08,19.0,256.0,2026-08-21,15.0,10.0,2026-07-17
PPTA,2026-07-08,1061,713,348,18736,0.06,0.49,20.0,151.0,2026-08-21,17.5,118.0,2026-08-21
AUPH,2026-07-08,466,355,111,10411,0.04,0.31,18.0,62.0,2026-08-21,16.0,31.0,2026-08-21
GT,2026-07-08,877,634,243,50714,0.02,0.38,7.0,397.0,2026-07-17,7.0,50.0,2026-07-17
UNIT,2026-07-08,3093,3034,59,26508,0.12,0.02,13.0,2737.0,2026-08-21,10.0,15.0,2026-07-17
HUN,2026-07-08,549,347,202,23567,0.02,0.58,12.0,114.0,2026-07-17,2.0,40.0,2026-08-21
EOSE,2026-07-08,17733,11397,6336,216010,0.08,0.56,5.0,3556.0,2026-07-17,4.0,1328.0,2026-07-17
MAN,2026-07-08,565,456,109,1965,0.29,0.24,45.0,422.0,2026-07-17,22.5,40.0,2026-07-17
BTDR,2026-07-08,14489,7611,6878,539289,0.03,0.9,16.0,3633.0,2026-07-17,17.0,3015.0,2026-07-17
ZD,2026-07-08,2222,2153,69,3579,0.62,0.03,50.0,1116.0,2026-07-17,30.0,32.0,2026-08-21
BAND,2026-07-08,692,547,145,7559,0.09,0.27,100.0,100.0,2026-07-17,40.0,35.0,2026-08-21
IIPR,2026-07-08,1167,1117,50,5308,0.22,0.04,50.0,474.0,2026-07-17,30.0,14.0,2026-07-17
EPAC,2026-07-08,611,511,100,847,0.72,0.2,45.0,219.0,2026-07-17,30.0,57.0,2026-07-17
TFIN,2026-07-08,2602,2253,349,8560,0.3,0.15,90.0,2001.0,2026-08-21,50.0,169.0,2026-08-21
VOYG,2026-07-08,1441,1047,394,24079,0.06,0.38,65.0,475.0,2026-08-21,33.0,51.0,2026-07-17
FIVN,2026-07-08,3947,3094,853,57928,0.07,0.28,22.5,887.0,2026-08-21,25.0,404.0,2026-07-17
MBX,2026-07-08,214,108,106,4998,0.04,0.98,55.0,33.0,2026-07-17,22.5,29.0,2026-07-17
STRA,2026-07-08,274,143,131,861,0.32,0.92,85.0,127.0,2026-07-17,45.0,100.0,2026-07-17
VRDN,2026-07-08,2807,2352,455,13744,0.2,0.19,20.0,918.0,2026-07-17,20.0,100.0,2026-08-21
AMSC,2026-07-08,1223,784,439,19376,0.06,0.56,40.0,112.0,2026-07-17,30.0,62.0,2026-08-21
TALO,2026-07-08,266,59,207,3271,0.08,3.51,15.0,16.0,2026-07-17,15.0,104.0,2026-07-17
CBZ,2026-07-08,2503,2208,295,1871,1.34,0.13,40.0,2156.0,2026-07-17,25.0,140.0,2026-07-17
AMR,2026-07-08,354,179,175,3644,0.1,0.98,160.0,35.0,2026-08-21,120.0,20.0,2026-08-21
IOVA,2026-07-08,2530,2349,181,18950,0.13,0.08,5.0,1390.0,2026-07-17,4.0,41.0,2026-07-17
WOR,2026-07-08,243,131,112,1192,0.2,0.85,55.0,50.0,2026-07-17,45.0,32.0,2026-07-17
AMPX,2026-07-08,4647,2231,2416,121880,0.04,1.08,13.0,438.0,2026-07-10,10.5,363.0,2026-07-17
SHLS,2026-07-08,1456,745,711,76379,0.02,0.95,11.0,210.0,2026-07-17,10.0,181.0,2026-07-17
BBAI,2026-07-08,13021,10688,2333,123177,0.11,0.22,4.0,3382.0,2026-07-10,3.5,1150.0,2026-07-10
TDOC,2026-07-08,15206,14802,404,75017,0.2,0.03,10.0,8554.0,2026-07-10,9.0,136.0,2026-07-17
DXC,2026-07-08,940,703,237,6330,0.15,0.34,12.0,453.0,2026-08-21,11.0,100.0,2026-07-17
NSP,2026-07-08,264,153,111,986,0.27,0.73,20.0,93.0,2026-07-17,60.0,26.0,2026-07-17
PLAB,2026-07-08,1162,619,543,12158,0.1,0.88,35.0,185.0,2026-07-17,25.0,232.0,2026-07-17
HRMY,2026-07-08,881,814,67,2066,0.43,0.08,50.0,752.0,2026-07-17,22.5,44.0,2026-07-17
TNK,2026-07-08,1564,1241,323,4763,0.33,0.26,79.0,560.0,2026-08-21,69.0,105.0,2026-07-17
AMLX,2026-07-08,764,620,144,1587,0.48,0.23,22.0,502.0,2026-07-17,3.0,56.0,2026-07-17
ATAI,2026-07-08,5255,4948,307,23994,0.22,0.06,6.0,3376.0,2026-08-21,5.0,240.0,2026-07-17
FLO,2026-07-08,409,360,49,22220,0.02,0.14,2.5,140.0,2026-07-17,7.5,13.0,2026-07-17
TRIP,2026-07-08,1768,1294,474,39738,0.04,0.37,15.5,369.0,2026-07-17,2.0,132.0,2026-07-10
NN,2026-07-08,2661,1569,1092,59979,0.04,0.7,13.0,338.0,2026-07-17,17.0,457.0,2026-07-17
BRBR,2026-07-08,493,367,126,24826,0.02,0.34,15.0,196.0,2026-07-17,22.5,41.0,2026-08-21
TPB,2026-07-08,407,370,37,2732,0.15,0.1,75.0,172.0,2026-08-21,90.0,15.0,2026-07-17
URGN,2026-07-08,955,635,320,3434,0.28,0.5,20.0,365.0,2026-08-21,15.0,100.0,2026-08-21
PRGS,2026-07-08,280,125,155,3991,0.07,1.24,40.0,22.0,2026-08-21,37.5,93.0,2026-07-17
DV,2026-07-08,1312,1202,110,9198,0.14,0.09,12.5,1042.0,2026-07-17,20.0,32.0,2026-07-17
BFLY,2026-07-08,4037,3307,730,62471,0.06,0.22,7.5,1359.0,2026-08-21,7.5,488.0,2026-07-17
MLYS,2026-07-08,880,193,687,14882,0.06,3.56,40.0,127.0,2026-07-17,17.5,621.0,2026-07-17
PVLA,2026-07-08,1075,383,692,4521,0.24,1.81,200.0,160.0,2026-08-21,95.0,500.0,2026-07-17
LINC,2026-07-08,235,206,29,3006,0.08,0.14,60.0,87.0,2026-08-21,55.0,15.0,2026-07-17
ABSI,2026-07-08,1560,1101,459,36403,0.04,0.42,13.0,511.0,2026-07-17,11.0,234.0,2026-07-17
HG,2026-07-08,471,260,211,993,0.47,0.81,28.0,100.0,2026-07-17,40.0,192.0,2026-07-17
BW,2026-07-08,2142,1559,583,6163,0.35,0.37,22.0,396.0,2026-07-10,24.0,201.0,2026-07-10
HLIT,2026-07-08,397,330,67,9610,0.04,0.2,20.0,174.0,2026-07-17,10.0,20.0,2026-07-17
TSHA,2026-07-08,690,242,448,20815,0.03,1.85,6.0,80.0,2026-08-21,5.0,406.0,2026-07-17
EYE,2026-07-08,208,108,100,5584,0.04,0.93,25.0,60.0,2026-07-17,22.5,50.0,2026-07-17
TNC,2026-07-08,602,27,575,1582,0.38,21.3,70.0,10.0,2026-07-17,65.0,550.0,2026-07-17
DEI,2026-07-08,227,212,15,27825,0.01,0.07,15.0,100.0,2026-08-21,10.0,10.0,2026-08-21
PRGO,2026-07-08,425,331,94,29141,0.01,0.28,12.5,173.0,2026-08-21,12.5,31.0,2026-08-21
AMBQ,2026-07-08,660,591,69,2632,0.25,0.12,75.0,292.0,2026-08-21,75.0,18.0,2026-07-17
FCEL,2026-07-08,12221,8996,3225,91719,0.13,0.36,35.0,907.0,2026-07-17,25.0,443.0,2026-07-10
KOD,2026-07-08,637,602,35,2642,0.24,0.06,45.0,500.0,2026-08-21,27.0,5.0,2026-07-17
TE,2026-07-08,48715,34467,14248,187058,0.26,0.41,10.0,5367.0,2026-07-17,7.0,2534.0,2026-07-10
PAGS,2026-07-08,446,359,87,16156,0.03,0.24,12.0,235.0,2026-08-21,17.0,22.0,2026-08-21
OI,2026-07-08,991,242,749,4987,0.2,3.1,15.0,110.0,2026-08-21,11.0,530.0,2026-08-21
FLNC,2026-07-08,5012,2767,2245,118047,0.04,0.81,30.0,583.0,2026-08-21,15.0,1098.0,2026-07-17
PBI,2026-07-08,513,149,364,12258,0.04,2.44,19.0,20.0,2026-08-21,12.0,147.0,2026-07-17
BL,2026-07-08,331,81,250,9735,0.03,3.09,25.0,31.0,2026-07-17,22.5,153.0,2026-07-17
MLKN,2026-07-08,314,82,232,1340,0.23,2.83,12.5,15.0,2026-07-17,20.0,101.0,2026-07-17
PRCH,2026-07-08,240,218,22,8500,0.03,0.1,7.5,100.0,2026-08-21,15.0,6.0,2026-08-21
VPG,2026-07-08,676,449,227,3453,0.2,0.51,185.0,80.0,2026-08-21,65.0,47.0,2026-08-21
NVAX,2026-07-08,3893,3396,497,68284,0.06,0.15,10.0,809.0,2026-07-17,9.0,101.0,2026-07-10
GBX,2026-07-08,207,53,154,1496,0.14,2.91,52.5,13.0,2026-07-17,40.0,77.0,2026-07-17
NUVB,2026-07-08,480,464,16,5801,0.08,0.03,5.0,227.0,2026-08-21,7.5,9.0,2026-07-17
INFQ,2026-07-08,12143,9727,2416,159710,0.08,0.25,12.5,2484.0,2026-07-17,10.0,998.0,2026-07-17
FMC,2026-07-08,738,317,421,36025,0.02,1.33,12.5,130.0,2026-07-17,12.5,133.0,2026-07-17
SLDE,2026-07-08,308,116,192,6404,0.05,1.66,17.5,37.0,2026-08-21,20.0,103.0,2026-07-17
XERS,2026-07-08,14628,10543,4085,7589,1.93,0.39,10.0,7453.0,2026-07-17,5.0,4020.0,2026-07-17
APPS,2026-07-08,4802,4130,672,27015,0.18,0.16,11.0,2695.0,2026-07-17,12.0,391.0,2026-08-21
ARI,2026-07-08,1157,22,1135,3581,0.32,51.59,5.0,8.0,2026-07-17,10.0,386.0,2026-08-21
YELP,2026-07-08,1324,1189,135,7847,0.17,0.11,23.0,900.0,2026-08-21,16.0,15.0,2026-08-21
ARLO,2026-07-08,439,172,267,1375,0.32,1.55,14.0,42.0,2026-08-21,10.0,125.0,2026-07-17
WEN,2026-07-08,27099,19737,7362,385587,0.07,0.37,8.0,4577.0,2026-07-10,8.0,3079.0,2026-07-17
AGL,2026-07-08,389,294,95,2102,0.19,0.32,0.5,157.0,2026-07-17,5.0,10.0,2026-07-17
GLOB,2026-07-08,1354,1244,110,6702,0.2,0.09,25.0,461.0,2026-08-21,85.0,39.0,2026-08-21
MNKD,2026-07-08,797,409,388,5807,0.14,0.95,5.0,148.0,2026-07-10,2.5,200.0,2026-07-17
DJT,2026-07-08,5687,4295,1392,53139,0.11,0.32,9.5,815.0,2026-07-10,8.0,324.0,2026-07-10
HROW,2026-07-08,786,561,225,5845,0.13,0.4,50.0,163.0,2026-08-21,34.0,70.0,2026-07-17
WWW,2026-07-08,219,96,123,1172,0.19,1.28,17.5,56.0,2026-08-21,15.0,98.0,2026-08-21
DLO,2026-07-08,6053,5908,145,99568,0.06,0.02,14.47,3028.0,2026-07-17,6.47,20.0,2026-07-17
AMN,2026-07-08,1718,216,1502,3229,0.53,6.95,22.5,80.0,2026-07-17,17.5,714.0,2026-08-21
ENR,2026-07-08,809,642,167,8938,0.09,0.26,20.0,382.0,2026-08-21,20.0,56.0,2026-07-17
WGS,2026-07-08,1380,472,908,7277,0.19,1.92,70.0,142.0,2026-07-17,57.0,101.0,2026-07-10
LPG,2026-07-08,241,73,168,4029,0.06,2.3,40.0,23.0,2026-08-21,32.5,100.0,2026-08-21
INSP,2026-07-08,620,486,134,3349,0.19,0.28,60.0,376.0,2026-07-17,60.0,32.0,2026-07-17
HLF,2026-07-08,857,772,85,12674,0.07,0.11,11.5,231.0,2026-07-10,12.5,12.0,2026-07-10
VSTS,2026-07-08,9377,8798,579,12474,0.75,0.07,15.0,5150.0,2026-08-21,7.5,500.0,2026-08-21
LIND,2026-07-08,316,130,186,1975,0.16,1.43,17.5,100.0,2026-08-21,25.0,120.0,2026-08-21
AVBP,2026-07-08,2841,2746,95,9361,0.3,0.03,22.5,2413.0,2026-07-17,35.0,21.0,2026-07-17
REAL,2026-07-08,7347,7331,16,18321,0.4,0.0,10.0,5014.0,2026-07-17,7.5,4.0,2026-07-17
COUR,2026-07-08,312,97,215,61752,0.01,2.22,8.0,25.0,2026-08-21,4.0,76.0,2026-08-21
ENOV,2026-07-08,310,248,62,5197,0.06,0.25,30.0,100.0,2026-07-17,20.0,35.0,2026-07-17
HYMC,2026-07-08,2623,1969,654,45497,0.06,0.33,40.0,526.0,2026-08-21,20.0,60.0,2026-07-17
SLVM,2026-07-08,280,141,139,893,0.31,0.99,42.5,62.0,2026-07-17,42.5,100.0,2026-08-21
ARDX,2026-07-08,383,196,187,25649,0.01,0.95,2.0,37.0,2026-07-17,8.0,49.0,2026-07-17
EPC,2026-07-08,1157,1067,90,836,1.38,0.08,2.5,765.0,2026-07-17,15.0,40.0,2026-07-17
TWO,2026-07-08,582,147,435,1830,0.32,2.96,12.0,120.0,2026-07-17,5.0,224.0,2026-07-17
BCAX,2026-07-08,795,792,3,1228,0.65,0.0,17.5,300.0,2026-08-21,7.5,2.0,2026-07-17
SKYT,2026-07-08,915,624,291,5994,0.15,0.47,32.0,195.0,2026-07-17,12.0,110.0,2026-07-17
NEXT,2026-07-08,831,617,214,119837,0.01,0.35,11.0,188.0,2026-08-21,7.0,67.0,2026-07-17
ALKT,2026-07-08,4841,48,4793,9256,0.52,99.85,25.0,10.0,2026-07-17,15.0,4781.0,2026-08-21
UAA,2026-07-08,859,681,178,18811,0.05,0.26,7.0,424.0,2026-07-17,6.0,51.0,2026-07-17
QDEL,2026-07-08,208,134,74,4686,0.04,0.55,20.0,49.0,2026-08-21,15.0,21.0,2026-08-21
CAPR,2026-07-08,3535,1962,1573,36880,0.1,0.8,25.0,491.0,2026-08-21,20.0,818.0,2026-08-21
GIII,2026-07-08,358,5,353,1751,0.2,70.6,30.0,1.0,2026-07-17,35.0,289.0,2026-07-17
AI,2026-07-08,5322,4455,867,128445,0.04,0.19,10.5,1373.0,2026-07-10,8.5,163.0,2026-07-10
KOS,2026-07-08,1236,1006,230,72690,0.02,0.23,2.5,295.0,2026-08-21,1.0,101.0,2026-07-17
CBRL,2026-07-08,1929,1023,906,14951,0.13,0.89,50.0,330.0,2026-08-21,42.5,296.0,2026-07-17
ZYME,2026-07-08,632,488,144,3310,0.19,0.3,22.5,451.0,2026-07-17,25.0,120.0,2026-07-17
TTI,2026-07-08,489,215,274,1635,0.3,1.27,12.0,142.0,2026-07-17,9.0,209.0,2026-08-21
AIP,2026-07-08,483,181,302,4861,0.1,1.67,45.0,40.0,2026-08-21,35.0,136.0,2026-08-21
ATEX,2026-07-08,593,421,172,8536,0.07,0.41,35.0,50.0,2026-08-21,60.0,38.0,2026-07-17
DCH,2026-07-08,417,355,62,84662,0.0,0.17,6.0,160.0,2026-07-17,5.0,21.0,2026-08-21
AESI,2026-07-08,444,224,220,11519,0.04,0.98,15.0,150.0,2026-07-17,12.5,100.0,2026-07-17
NAT,2026-07-08,1003,411,592,33805,0.03,1.44,3.5,100.0,2026-07-17,3.5,500.0,2026-07-17
TDAY,2026-07-08,421,415,6,4937,0.09,0.01,6.0,200.0,2026-07-17,7.0,2.0,2026-07-17
PZZA,2026-07-08,1463,1190,273,54013,0.03,0.23,40.0,775.0,2026-07-17,32.5,100.0,2026-07-17
LWLG,2026-07-08,1976,1228,748,30278,0.07,0.61,8.0,347.0,2026-07-17,7.0,270.0,2026-07-17
PRCT,2026-07-08,975,835,140,11537,0.08,0.17,30.0,571.0,2026-08-21,25.0,57.0,2026-07-17
AMC,2026-07-08,46564,42331,4233,633382,0.07,0.1,2.0,17486.0,2026-07-17,2.0,1412.0,2026-07-17
RCAT,2026-07-08,8971,6217,2754,110907,0.08,0.44,10.0,1262.0,2026-07-10,9.0,609.0,2026-07-10
WOLF,2026-07-08,4458,3242,1216,52122,0.09,0.38,50.0,622.0,2026-07-10,35.0,153.0,2026-07-10
IE,2026-07-08,580,439,141,14333,0.04,0.32,35.0,400.0,2026-07-17,10.0,87.0,2026-07-17
SMPL,2026-07-08,211,158,53,4399,0.05,0.34,12.5,65.0,2026-07-17,25.0,8.0,2026-08-21
AVNS,2026-07-08,697,114,583,4485,0.16,5.11,25.0,43.0,2026-10-16,22.5,500.0,2026-07-17
CEVA,2026-07-08,1858,1227,631,12342,0.15,0.51,50.0,528.0,2026-07-17,40.0,217.0,2026-07-17
MCB,2026-07-08,204,81,123,249,0.82,1.52,100.0,61.0,2026-09-18,65.0,61.0,2026-07-17
WLDN,2026-07-08,620,577,43,1809,0.34,0.07,105.0,249.0,2026-07-17,70.0,5.0,2026-08-21
UPWK,2026-07-08,395,160,235,12585,0.03,1.47,10.0,63.0,2026-07-17,10.0,77.0,2026-07-17
TYRA,2026-07-08,405,381,24,1685,0.24,0.06,30.0,355.0,2026-07-17,25.0,5.0,2026-08-21
AHCO,2026-07-08,235,223,12,402,0.58,0.05,10.0,214.0,2026-07-17,10.0,10.0,2026-07-17
HOG,2026-07-08,1082,833,249,3285,0.33,0.3,19.0,245.0,2026-07-10,23.0,50.0,2026-07-17
PCT,2026-07-08,3137,1667,1470,41107,0.08,0.88,8.0,413.0,2026-07-17,5.0,360.0,2026-07-17
MAZE,2026-07-08,302,287,15,466,0.65,0.05,30.0,214.0,2026-08-21,35.0,3.0,2026-08-21
ATEC,2026-07-08,386,185,201,6714,0.06,1.09,17.5,51.0,2026-07-17,7.5,80.0,2026-08-21
BRSL,2026-07-08,339,228,111,3157,0.11,0.49,13.0,100.0,2026-08-21,11.0,50.0,2026-07-17
UA,2026-07-08,208,200,8,9760,0.02,0.04,10.0,77.0,2026-07-17,5.0,3.0,2026-07-17
AZTA,2026-07-08,225,112,113,1087,0.21,1.01,30.0,76.0,2026-07-17,25.0,79.0,2026-07-17
EYPT,2026-07-08,3143,3046,97,10373,0.3,0.03,30.0,2126.0,2026-07-17,15.0,19.0,2026-07-17
GPRE,2026-07-08,539,492,47,2987,0.18,0.1,17.0,405.0,2026-07-17,13.0,12.0,2026-07-17
PGEN,2026-07-08,1085,1030,55,48865,0.02,0.05,7.5,470.0,2026-08-21,5.5,15.0,2026-07-17
CGEM,2026-07-08,428,171,257,2992,0.14,1.5,25.0,64.0,2026-07-17,3.0,90.0,2026-07-17
TNDM,2026-07-08,1485,1201,284,4957,0.3,0.24,23.0,707.0,2026-08-21,18.0,100.0,2026-08-21
ENVX,2026-07-08,7859,4942,2917,98060,0.08,0.59,8.0,1802.0,2026-07-17,5.0,1382.0,2026-07-17
BORR,2026-07-08,365,197,168,20504,0.02,0.85,5.0,121.0,2026-08-21,5.0,103.0,2026-08-21
CRK,2026-07-08,1524,1327,197,27158,0.06,0.15,14.0,502.0,2026-08-21,14.0,61.0,2026-07-17
CRVS,2026-07-08,1588,782,806,16335,0.1,1.03,27.0,200.0,2026-07-17,13.0,151.0,2026-07-17
APEI,2026-07-08,959,765,194,3149,0.3,0.25,65.0,443.0,2026-07-17,60.0,102.0,2026-08-21
EVLV,2026-07-08,502,242,260,23719,0.02,1.07,8.0,102.0,2026-07-17,6.0,209.0,2026-08-21
MRTN,2026-07-08,576,570,6,365,1.58,0.01,17.5,561.0,2026-08-21,12.5,4.0,2026-07-17
SBSI,2026-07-08,2086,14,2072,4903,0.43,148.0,35.0,10.0,2026-08-21,17.5,1400.0,2026-08-21
SVC,2026-07-08,1025,1008,17,5525,0.19,0.02,2.0,900.0,2026-08-21,1.5,10.0,2026-07-17
UMAC,2026-07-08,6464,1820,4644,36645,0.18,2.55,30.0,170.0,2026-07-17,20.0,4124.0,2026-07-17
CNXC,2026-07-08,715,409,306,16013,0.04,0.75,22.5,192.0,2026-07-17,20.0,105.0,2026-08-21
