ticker,date,total_volume,call_volume,put_volume,open_interest,vol_oi_ratio,put_call_ratio,top_call_strike,top_call_strike_volume,top_call_expiry,top_put_strike,top_put_strike_volume,top_put_expiry,stock_price,avg_volume_20d,volume_ratio_vs_avg,score,group
BXP,2026-09-30,12895,7190,5705,14560,0.89,0.79,75.0,4499,2026-11-20,65.0,2320.0,2026-10-16,61.189998626708984,2606.230769230769,4.95,8.315000000000001,large_cap
AAPL,2026-09-30,1345294,873353,471941,375094,3.59,0.54,340.0,224467,2026-09-30,335.0,148914.0,2026-09-30,335.9750061035156,812820.7142857143,1.66,6.08,large_cap
AMZN,2026-09-30,539236,366127,173109,287132,1.88,0.47,252.5,107975,2026-09-30,250.0,62079.0,2026-09-30,250.39199829101562,306974.5,1.76,4.52,large_cap
AFL,2026-09-30,1325,1138,187,1063,1.25,0.16,85.0,412,2026-10-09,109.0,118.0,2026-10-09,112.87000274658203,1227.5,1.08,2.87,large_cap
AMP,2026-09-30,2579,2355,224,4069,0.63,0.1,420.0,1120,2026-11-20,500.0,45.0,2026-11-20,496.9849853515625,2053.8888888888887,1.26,2.52,large_cap
CBAN,2026-09-30,436,435,1,46,9.48,0.0,2.5,332,2027-01-15,17.5,1.0,2026-10-16,20.059999465942383,436.0,1.0,10.98,small_cap
CPK,2026-09-30,531,530,1,131,4.05,0.0,135.0,530,2026-10-16,125.0,1.0,2026-10-16,128.8000030517578,531.0,1.0,5.55,small_cap
BIOA,2026-09-30,4854,4767,87,8500,0.57,0.02,40.0,2418,2026-10-16,20.0,49.0,2026-10-16,7.09499979019165,1760.2142857142858,2.76,4.71,small_cap
ADNT,2026-09-30,1556,51,1505,2151,0.72,29.51,25.0,17,2026-10-16,15.0,1342.0,2026-11-20,17.0049991607666,585.0833333333334,2.66,4.71,small_cap
CNTB,2026-09-30,1384,1363,21,1395,0.99,0.02,2.5,1336,2026-10-16,2.5,19.0,2026-10-16,1.2649999856948853,558.3333333333334,2.48,4.71,small_cap
